Processor,Status,Release Date,Cores,Max Turbo Speed,Base Speed,Cache Size,score
Intel Xeon Platinum 9282 Processor,Launched,Q2'19,56,3.8,2.6,77.0,8.369302325581394
Intel Xeon Platinum 9242 Processor,Launched,Q2'19,48,3.8,2.3,71.5,7.658338870431893
Intel Xeon W-3275 Processor,Launched,Q2'19,28,4.4,2.5,38.5,6.492790697674419
Intel Xeon W-3275M Processor,Launched,Q2'19,28,4.4,2.5,38.5,6.492790697674419
Intel Xeon W-3175X Processor,Launched,Q4'18,28,3.8,3.1,38.5,6.351860465116279
Intel Xeon Platinum 8280L Processor,Launched,Q2'19,28,4.0,2.7,38.5,6.305813953488373
Intel Xeon Platinum 8280 Processor,Launched,Q2'19,28,4.0,2.7,38.5,6.305813953488373
Intel Xeon Platinum 8280M Processor,Launched,Q2'19,28,4.0,2.7,38.5,6.305813953488373
Intel Xeon W-3265M Processor,Launched,Q2'19,24,4.4,2.7,33.0,6.2643853820598006
Intel Xeon W-3265 Processor,Launched,Q2'19,24,4.4,2.7,33.0,6.2643853820598006
Intel Xeon Platinum 8270 Processor,Launched,Q2'19,26,4.0,2.7,35.75,6.145099667774088
Intel Xeon Platinum 8276M Processor,Launched,Q2'19,28,4.0,2.2,38.5,6.073255813953489
Intel Xeon Platinum 8276L Processor,Launched,Q2'19,28,4.0,2.2,38.5,6.073255813953489
Intel Xeon Platinum 8276 Processor,Launched,Q2'19,28,4.0,2.2,38.5,6.073255813953489
Intel Xeon Platinum 8180 Processor,Launched,Q3'17,28,3.8,2.5,38.5,6.072790697674418
Intel Xeon Platinum 8268 Processor,Launched,Q2'19,24,3.9,2.9,35.75,6.04312292358804
Intel Xeon E-2288G Processor,Launched,Q2'19,8,5.0,3.7,16.0,5.928722440350347
Intel Core i9-9980XE Extreme Edition Processor,Launched,Q4'18,18,4.4,3.0,24.75,5.921777408637874
Intel Core i7-8086K Processor,Launched,Q2'18,6,5.0,4.0,12.0,5.891309272123225
Intel Xeon Platinum 8176F Processor,Launched,Q3'17,28,3.8,2.1,38.5,5.886744186046512
Intel Xeon Platinum 8176 Processor,Launched,Q3'17,28,3.8,2.1,38.5,5.886744186046512
Intel Core i9-9900KF Processor,Launched,Q1'19,8,5.0,3.6,16.0,5.88221081244337
Intel Core i9-9900K Processor,Launched,Q4'18,8,5.0,3.6,16.0,5.88221081244337
Intel Xeon W-3245 Processor,Launched,Q2'19,16,4.4,3.2,22.0,5.8540863787375415
Intel Xeon W-3245M Processor,Launched,Q2'19,16,4.4,3.2,22.0,5.8540863787375415
Intel Xeon E-2286G Processor,Launched,Q2'19,6,4.9,4.0,12.0,5.821309272123225
Intel Xeon Platinum 8260Y Processor,Launched,Q2'19,24,3.9,2.4,35.75,5.810564784053156
Intel Xeon Platinum 8260 Processor,Launched,Q2'19,24,3.9,2.4,35.75,5.810564784053156
Intel Xeon Platinum 8260M Processor,Launched,Q2'19,24,3.9,2.4,35.75,5.810564784053156
Intel Xeon Platinum 8260L Processor,Launched,Q2'19,24,3.9,2.4,35.75,5.810564784053156
Intel Core i9-9960X X-series Processor,Launched,Q4'18,16,4.4,3.1,22.0,5.8075747508305655
Intel Xeon E-2278G Processor,Launched,Q2'19,8,5.0,3.4,16.0,5.789187556629417
Intel Xeon Processor E7-8894 v4,Launched,Q1'17,24,3.4,2.4,60.0,5.77549984898822
Intel Xeon Platinum 8168 Processor,Launched,Q3'17,24,3.7,2.7,33.0,5.774385382059801
Intel Core i7-9700K Processor,Launched,Q4'18,8,4.9,3.6,12.0,5.760262760495319
Intel Core i7-9700KF Processor,Launched,Q1'19,8,4.9,3.6,12.0,5.760262760495319
Intel Core i9-9940X X-series Processor,Launched,Q4'18,14,4.4,3.3,19.25,5.739883720930232
Intel Xeon E-2276G Processor,Launched,Q2'19,6,4.9,3.8,12.0,5.728286016309272
Intel Xeon Processor E5-2699A v4,Launched,04'16,22,3.6,2.4,55.0,5.725564784053155
Intel Core i9-9920X X-series Processor,Launched,Q4'18,12,4.4,3.5,19.25,5.707906976744187
Intel Xeon Gold 6254 Processor,Launched,Q2'19,18,4.0,3.1,24.75,5.68828903654485
Intel Xeon Processor E7-8890 v4,Launched,Q2'16,24,3.4,2.2,60.0,5.682476593174267
Intel Xeon Platinum 8170 Processor,Launched,Q3'17,26,3.7,2.1,35.75,5.656029900332227
Intel Core i9-9900 Processor,Launched,Q2'19,8,5.0,3.1,16.0,5.649652672908488
Intel Xeon E-2274G Processor,Launched,Q2'19,4,4.9,4.0,8.0,5.644361220175174
Intel Xeon Processor E5-2699 v4,Launched,Q1'16,22,3.6,2.2,55.0,5.632541528239202
Intel Xeon Processor E5-2699R v4,Launched,04'16,22,3.6,2.2,55.0,5.632541528239202
Intel Xeon W-3235 Processor,Launched,Q2'19,12,4.4,3.3,19.25,5.614883720930233
Intel Xeon Platinum 8164 Processor,Launched,Q3'17,26,3.7,2.0,35.75,5.609518272425249
Intel Core i9-7980XE Extreme Edition Processor,Launched,Q3'17,18,4.2,2.6,24.75,5.595730897009966
Intel Xeon E-2186G Processor,Launched,Q3'18,6,4.7,3.8,12.0,5.588286016309272
Intel Core i9-9900X X-series Processor,Launched,Q4'18,10,4.4,3.5,19.25,5.582906976744186
Intel Core i9-7940X X-series Processor,Launched,Q3'17,14,4.3,3.1,19.25,5.576860465116279
Intel Xeon Gold 6244 Processor,Launched,Q2'19,8,4.4,3.6,24.75,5.575847176079734
Intel Xeon E-2246G Processor,Launched,Q2'19,6,4.8,3.6,12.0,5.565262760495319
Intel Core i7-9800X X-series Processor,Launched,Q4'18,8,4.4,3.8,16.5,5.561727574750831
Intel Xeon Gold 6252N Processor,Launched,Q2'19,24,3.6,2.3,35.75,5.554053156146179
Intel Xeon Gold 6246 Processor,Launched,Q2'19,12,4.2,3.3,24.75,5.546312292358804
Intel Core i7-8700K Processor,Launched,Q4'17,6,4.7,3.7,12.0,5.541774388402296
Intel Xeon E-2176G Processor,Launched,Q3'18,6,4.7,3.7,12.0,5.541774388402296
Intel Xeon E-2278GE Processor,Launched,Q2'19,8,4.7,3.3,16.0,5.5326759287224405
Intel Xeon Gold 6252 Processor,Launched,Q2'19,24,3.7,2.1,35.75,5.531029900332227
Intel Core i9-7960X X-series Processor,Launched,Q3'17,16,4.2,2.8,22.0,5.5280398671096345
Intel Xeon W-2195 Processor,Launched,Q3'17,18,4.3,2.3,24.75,5.526196013289036
Intel Xeon W-2145 Processor,Launched,Q3'17,8,4.5,3.7,11.0,5.513787375415282
Intel Core i7-7740X X-series Processor,Discontinued,Q2'17,4,4.5,4.3,8.0,5.503896103896104
Intel Xeon Gold 6248 Processor,Launched,Q2'19,20,3.9,2.5,27.5,5.499933554817275
Intel Xeon Gold 6146 Processor,Launched,Q3'17,12,4.2,3.2,24.75,5.499800664451827
Intel Xeon Platinum 8160 Processor,Launched,Q3'17,24,3.7,2.1,33.0,5.49531561461794
Intel Xeon Platinum 8160F Processor,Launched,Q3'17,24,3.7,2.1,33.0,5.49531561461794
Intel Xeon Platinum 8160T Processor,Launched,Q3'17,24,3.7,2.1,33.0,5.49531561461794
Intel Xeon W-2155 Processor,Launched,Q3'17,10,4.5,3.3,13.75,5.488455149501662
Intel Xeon E-2244G Processor,Launched,Q2'19,4,4.8,3.8,8.0,5.48133796436122
Intel Xeon E-2236 Processor,Launched,Q2'19,6,4.8,3.4,12.0,5.472239504681364
Intel Core i7-7700K Processor,Launched,Q1'17,4,4.5,4.2,8.0,5.4573844759891275
Intel Xeon W-3225 Processor,Launched,Q2'19,8,4.3,3.7,16.5,5.445215946843854
Intel Xeon Processor E5-2698 v4,Launched,Q1'16,20,3.6,2.2,50.0,5.442606463304138
Intel Core i5-9600KF Processor,Launched,Q1'19,6,4.6,3.7,9.0,5.432813349441256
Intel Core i5-9600K Processor,Launched,Q4'18,6,4.6,3.7,9.0,5.432813349441256
Intel Xeon Gold 5220S Processor,Launched,Q2'19,18,3.9,2.7,24.75,5.432242524916944
Intel Xeon Gold 6154 Processor,Launched,Q3'17,18,3.7,3.0,24.75,5.431777408637873
Intel Xeon Processor E7-8880 v4,Launched,Q2'16,22,3.3,2.2,55.0,5.422541528239202
Intel Xeon E-2174G Processor,Launched,Q3'18,4,4.7,3.8,8.0,5.41133796436122
Intel Xeon Processor E3-1285 v6,Launched,Q3'17,4,4.5,4.1,8.0,5.4108728480821515
Intel Xeon E-2226G Processor,Launched,Q2'19,6,4.7,3.4,12.0,5.402239504681365
Intel Xeon Gold 6144 Processor,Launched,Q3'17,8,4.2,3.5,24.75,5.389335548172757
Intel Xeon E-2234 Processor,Launched,Q2'19,4,4.8,3.6,8.0,5.388314708547267
Intel Xeon Gold 6240Y Processor,Launched,Q2'19,18,3.9,2.6,24.75,5.385730897009967
Intel Xeon Gold 6240M Processor,Launched,Q2'19,18,3.9,2.6,24.75,5.385730897009967
Intel Xeon Gold 6240 Processor,Launched,Q2'19,18,3.9,2.6,24.75,5.385730897009967
Intel Xeon Gold 6240L Processor,Launched,Q2'19,18,3.9,2.6,24.75,5.385730897009967
Intel Xeon W-2125 Processor,Launched,Q3'17,4,4.5,4.0,8.25,5.367607973421926
Intel Xeon W-2135 Processor,Launched,Q3'17,6,4.5,3.7,8.25,5.353073089700997
Intel Core i9-7900X X-series Processor,Launched,Q2'17,10,4.3,3.3,13.75,5.348455149501662
Intel Core i7-9700 Processor,Launched,Q2'19,8,4.7,3.0,12.0,5.3411929930534585
Intel Core i7-9700F Processor,Launched,Q2'19,8,4.7,3.0,12.0,5.3411929930534585
Intel Xeon Gold 6238M Processor,Launched,Q2'19,22,3.7,2.1,30.25,5.334601328903654
Intel Xeon Gold 6238L Processor,Launched,Q2'19,22,3.7,2.1,30.25,5.334601328903654
Intel Xeon Gold 6238 Processor,Launched,Q2'19,22,3.7,2.1,30.25,5.334601328903654
Intel Xeon Gold 6152 Processor,Launched,Q3'17,22,3.7,2.1,30.25,5.334601328903654
Intel Xeon Gold 6262V Processor,Launched,Q2'19,24,3.6,1.9,33.0,5.332292358803987
Intel Xeon E-2226GE Processor,Launched,Q2'19,6,4.6,3.4,12.0,5.332239504681365
Intel Core i7-7820X X-series Processor,Launched,Q2'17,8,4.3,3.6,11.0,5.327275747508305
Intel Xeon E-2286M Processor,Launched,Q2 '19,8,5.0,2.4,16.0,5.32407127755965
Intel Core i9-9980HK Processor,Launched,Q2'19,8,5.0,2.4,16.0,5.32407127755965
Intel Core i9-7920X X-series Processor,Launched,Q3'17,12,4.3,2.9,16.5,5.32312292358804
Intel Xeon Gold 6242 Processor,Launched,Q2'19,16,3.9,2.8,22.0,5.3180398671096345
Intel Xeon Gold 6230T Processor,Launched,Q2'19,20,3.9,2.1,27.5,5.313887043189368
Intel Xeon Gold 6230 Processor,Launched,Q2'19,20,3.9,2.1,27.5,5.313887043189368
Intel Xeon Gold 6148 Processor,Launched,Q3'17,20,3.7,2.4,27.5,5.313421926910299
Intel Xeon Gold 6148F Processor,Launched,Q3'17,20,3.7,2.4,27.5,5.313421926910299
Intel Xeon E-2146G Processor,Launched,Q3'18,6,4.5,3.5,12.0,5.308751132588342
Intel Xeon Processor E5-2697 v4,Launched,Q1'16,18,3.6,2.3,45.0,5.29918302627605
Intel Xeon Processor E5-2699 v3,Announced,Q3'14,18,3.6,2.3,45.0,5.29918302627605
Intel Xeon W-2175 Processor,Launched,Q4'17,14,4.3,2.5,19.0,5.294543944427664
Intel Core i7-4790K Processor,Discontinued,Q2'14,4,4.4,4.0,8.0,5.294361220175174
Intel Xeon Gold 6150 Processor,Launched,Q3'17,18,3.7,2.7,24.75,5.292242524916944
Intel Xeon E-2224G Processor,Launched,Q2'19,4,4.7,3.5,8.0,5.27180308064029
Intel Xeon Processor E5-2697A v4,Launched,Q1'16,16,3.6,2.6,40.0,5.248782845061914
Intel Core i9-9820X X-series Processor,Launched,Q4'18,10,4.1,3.3,16.5,5.244169435215947
Intel Xeon Gold 6238T Processor,Launched,Q2'19,22,3.7,1.9,30.25,5.241578073089701
Intel Xeon E-2186M Processor,Launched,Q2'18,6,4.8,2.9,12.0,5.239681365146481
Intel Core i9-8950HK Processor,Launched,Q2'18,6,4.8,2.9,12.0,5.239681365146481
Intel Core i7-8700B Processor,Launched,Q2'18,6,4.6,3.2,12.0,5.239216248867411
"Intel Core i7+8700 Processor (12M Cache, up to 4.60 GHz) includes Intel Optane Memory",Launched,Q2'18,6,4.6,3.2,12.0,5.239216248867411
Intel Core i7-8700 Processor,Launched,Q4'17,6,4.6,3.2,12.0,5.239216248867411
Intel Xeon E-2136 Processor,Launched,Q3'18,6,4.5,3.3,12.0,5.215727876774388
Intel Xeon E-2126G Processor,Launched,Q3'18,6,4.5,3.3,12.0,5.215727876774388
Intel Xeon Processor E5-4669 v4,Launched,Q2'16,22,3.0,2.2,55.0,5.212541528239203
Intel Xeon Processor E5-2687W v2,Launched,Q3'13,8,4.0,3.4,25.0,5.206070673512533
Intel Xeon Gold 5220 Processor,Launched,Q2'19,18,3.9,2.2,24.75,5.19968438538206
Intel Xeon Processor E7-8891 v2,Launched,Q1'14,10,3.7,3.2,37.5,5.1903850800362425
Intel Xeon Processor E7-8890 v3,Launched,Q2'15,18,3.3,2.5,45.0,5.182206282090003
Intel Xeon E-2144G Processor,Launched,Q3'18,4,4.5,3.6,8.0,5.178314708547267
Intel Core i5-8600K Processor,Launched,Q4'17,6,4.3,3.6,9.0,5.176301721534279
Intel Xeon Processor E5-2667 v2,Launched,Q3'13,8,4.0,3.3,25.0,5.1595590456055564
Intel Xeon Processor E7-8891 v4,Launched,Q2'16,10,3.5,2.8,60.0,5.156546360616128
Intel Xeon Gold 6234 Processor,Launched,Q2'19,8,4.0,3.3,24.75,5.156312292358804
Intel Xeon E-2224 Processor,Launched,Q2'19,4,4.6,3.4,8.0,5.155291452733312
Intel Core i7-6700K Processor,Discontinued,Q3'15,4,4.2,4.0,8.0,5.154361220175174
Intel Core i5-9600 Processor,Launched,Q2'19,6,4.6,3.1,9.0,5.153743581999395
Intel Xeon W-3223 Processor,Launched,Q2'19,8,4.0,3.5,16.5,5.1421926910299
Intel Xeon Processor E5-1680 v4,Launched,Q2'16,8,4.0,3.4,20.0,5.141135608577469
Intel Core i9-9880H Processor,Launched,Q2'19,8,4.8,2.3,16.0,5.1375596496526725
Intel Xeon Processor E7-8867 v4,Launched,Q2'16,18,3.3,2.4,45.0,5.135694654183026
Intel Xeon E-2134 Processor,Launched,Q3'18,4,4.5,3.5,8.0,5.131803080640291
Intel Core i5-7640X X-series Processor,Discontinued,Q2'17,4,4.2,4.0,6.0,5.1283871942011485
Intel Xeon Gold 6138 Processor,Launched,Q3'17,20,3.7,2.0,27.5,5.127375415282392
Intel Xeon Gold 6138F Processor,Launched,Q3'17,20,3.7,2.0,27.5,5.127375415282392
Intel Xeon Gold 6138T Processor,Launched,Q3'17,20,3.7,2.0,27.5,5.127375415282392
Intel Xeon Gold 6138P Processor,Launched,Q2'18,20,3.7,2.0,27.5,5.127375415282392
Intel Xeon Gold 6230N Processor,Launched,Q2'19,20,3.5,2.3,27.5,5.126910299003322
Intel Xeon E-2276M Processor,Launched,Q2 '19,6,4.7,2.8,12.0,5.123169737239505
Intel Xeon Processor E5-2698 v3,Announced,Q3'14,16,3.6,2.3,40.0,5.1092479613409845
Intel Xeon Processor E3-1280 v6,Launched,Q1'17,4,4.2,3.9,8.0,5.107849592268197
Intel Xeon Processor E7-2890 v2,Launched,Q1'14,15,3.4,2.8,37.5,5.106838568408335
Intel Xeon Processor E7-4890 v2,Launched,Q1'14,15,3.4,2.8,37.5,5.106838568408335
Intel Xeon Processor E7-8890 v2,Launched,Q1'14,15,3.4,2.8,37.5,5.106838568408335
Intel Xeon Gold 6140 Processor,Launched,Q3'17,18,3.7,2.3,24.75,5.106196013289037
Intel Xeon Processor E5-1660 v2,Launched,Q3'13,6,4.0,3.7,15.0,5.0907354273633345
Intel Xeon Gold 5218 Processor,Launched,Q2'19,16,3.9,2.3,22.0,5.08548172757475
Intel Xeon Gold 5218B Processor,Launched,Q2'19,16,3.9,2.3,22.0,5.08548172757475
Intel Xeon E-2124G Processor,Launched,Q3'18,4,4.5,3.4,8.0,5.085291452733314
Intel Xeon Gold 6142F Processor,Launched,Q3'17,16,3.7,2.6,22.0,5.08501661129568
Intel Xeon Gold 6142 Processor,Launched,Q3'17,16,3.7,2.6,22.0,5.08501661129568
Intel Xeon Processor E3-1275 v6,Launched,Q1'17,4,4.2,3.8,8.0,5.06133796436122
Intel Xeon Processor E3-1270 v6,Launched,Q1'17,4,4.2,3.8,8.0,5.06133796436122
Intel Xeon Gold 5220T Processor,Launched,Q2'19,18,3.9,1.9,24.75,5.0601495016611295
Intel Xeon Processor E5-2697 v3,Launched,Q3'14,14,3.6,2.6,35.0,5.05884778012685
Intel Xeon Processor E7-8867 v3,Launched,Q2'15,16,3.3,2.5,45.0,5.057206282090002
Intel Xeon Platinum 8158 Processor,Launched,Q3'17,12,3.7,3.0,24.75,5.056777408637874
Intel Xeon Gold 6136 Processor,Launched,Q3'17,12,3.7,3.0,24.75,5.056777408637874
Intel Xeon Processor E7-8857 v2,Launched,Q1'14,12,3.6,3.0,30.0,5.054959226819692
Intel Xeon Processor E5-1650 v4,Launched,Q2'16,6,4.0,3.6,15.0,5.044223799456357
Intel Core i7-4960X Processor Extreme Edition,Discontinued,Q3'13,6,4.0,3.6,15.0,5.044223799456357
Intel Core i5-7600K Processor,Launched,Q1'17,4,4.2,3.8,6.0,5.035363938387194
Intel Xeon Processor E7-8893 v2,Launched,Q1'14,6,3.7,3.4,37.5,5.033408335850195
Intel Core i7-3970X Processor Extreme Edition,Discontinued,Q4'12,6,4.0,3.5,15.0,4.997712171549381
Intel Xeon Processor E5-2695 v4,Launched,Q1'16,18,3.3,2.1,45.0,4.9961597704620955
Intel Xeon Processor E5-2690 v4,Launched,Q1'16,14,3.5,2.6,35.0,4.98884778012685
Intel Xeon Processor E5-2643 v2,Launched,Q3'13,6,3.8,3.5,25.0,4.98758230141951
Intel Xeon Processor E5-2687W v4,Launched,Q1'16,12,3.5,3.0,30.0,4.984959226819692
Intel Xeon E-2276ME Processor,Launched,Q2'19,6,4.5,2.8,12.0,4.983169737239504
Intel Xeon Processor E7-8870 v4,Launched,Q2'16,20,3.0,2.1,50.0,4.976094835397161
Intel Xeon Processor E7-8860 v4,Launched,Q2'16,18,3.2,2.2,45.0,4.972671398369073
Intel Core i7-7700 Processor,Launched,Q1'17,4,4.2,3.6,8.0,4.9683147085472665
Intel Xeon Processor E7-8893 v4,Launched,Q2'16,4,3.5,3.2,60.0,4.967592872244035
Intel Core i5-9500 Processor,Launched,Q2'19,6,4.4,3.0,9.0,4.967231954092418
Intel Core i5-9500F Processor,Launched,Q2'19,6,4.4,3.0,9.0,4.967231954092418
Intel Xeon Gold 6222V Processor,Launched,Q2'19,20,3.6,1.8,27.5,4.964352159468438
Intel Xeon Processor E7-8891 v3,Launched,Q2'15,10,3.5,2.8,45.0,4.961741165810933
Intel Xeon Platinum 8256 Processor,Launched,Q2'19,4,3.9,3.8,16.5,4.961727574750831
Intel Xeon Gold 5222 Processor,Launched,Q2'19,4,3.9,3.8,16.5,4.961727574750831
Intel Core i7-9850H Processor,Launched,Q2'19,6,4.6,2.6,12.0,4.960146481425551
Intel Xeon Processor E7-8880 v3,Launched,Q2'15,18,3.1,2.3,45.0,4.94918302627605
Intel Core i7-8569U Processor,Launched,Q2'19,4,4.7,2.8,8.0,4.946221685291453
Intel Xeon Gold 5218N Processor,Launched,Q2'19,16,3.7,2.3,22.0,4.945481727574751
Intel Core i7-9700E Processor,Launched,Q2'19,8,4.4,2.6,12.0,4.945146481425551
Intel Xeon Processor E3-1281 v3,Launched,Q2'14,4,4.1,3.7,8.0,4.944826336454244
Intel Xeon Processor E3-1286 v3,Discontinued,Q2'14,4,4.1,3.7,8.0,4.944826336454244
Intel Xeon Processor E3-1240 v6,Launched,Q1'17,4,4.1,3.7,8.0,4.944826336454244
Intel Xeon Processor E3-1245 v6,Launched,Q1'17,4,4.1,3.7,8.0,4.944826336454244
Intel Xeon Processor E3-1290 v2,Discontinued,Q2'12,4,4.1,3.7,8.0,4.944826336454244
Intel Core i5-8600 Processor,Launched,Q2'18,6,4.3,3.1,9.0,4.943743581999396
Intel Xeon Gold 6132 Processor,Launched,Q3'17,14,3.7,2.6,19.25,4.9243023255813965
Intel Xeon Gold 5218T Processor,Launched,Q2'19,16,3.8,2.1,22.0,4.922458471760796
Intel Core i7-7800X X-series Processor,Launched,Q2'17,6,4.0,3.5,8.25,4.910049833887043
Intel Xeon Processor E5-1660 v4,Launched,Q2'16,8,3.8,3.2,20.0,4.908112352763515
Intel Xeon Processor E5-1680 v3,Launched,Q3'14,8,3.8,3.2,20.0,4.908112352763515
Intel Core i7-6850K Processor,Discontinued,Q2'16,6,3.8,3.6,15.0,4.904223799456357
Intel Xeon Processor E5-1630 v4,Launched,Q2'16,4,4.0,3.7,10.0,4.90080036242827
Intel Xeon Gold 6134 Processor,Launched,Q3'17,8,3.7,3.2,24.75,4.899800664451828
Intel Xeon E-2124 Processor,Launched,Q3'18,4,4.3,3.3,8.0,4.898779824826337
Intel Core i7-9750H Processor,Launched,Q2'19,6,4.5,2.6,12.0,4.8901464814255515
Intel Core i7-9750HF Processor,Launched,Q2'19,6,4.5,2.6,12.0,4.8901464814255515
Intel Xeon Processor E5-1650 v2,Launched,Q3'13,6,3.9,3.5,12.0,4.888751132588341
Intel Xeon W-2133 Processor,Launched,Q3'17,6,3.9,3.6,8.25,4.886561461794019
Intel Xeon Processor E3-1280 v5,Launched,Q4'15,4,4.0,3.7,8.0,4.874826336454244
Intel Xeon E-2176M Processor,Launched,Q2'18,6,4.4,2.7,12.0,4.866658109332528
Intel Xeon Processor E5-2690 v2,Launched,Q3'13,10,3.6,3.0,25.0,4.8650241618846275
Intel Xeon Processor E5-2687W,Discontinued,Q1'12,8,3.8,3.1,20.0,4.8616007248565385
Intel Xeon Processor E5-1650 v3,Launched,Q3'14,6,3.8,3.5,15.0,4.85771217154938
Intel Xeon Gold 6130 Processor,Launched,Q3'17,16,3.7,2.1,22.0,4.852458471760798
Intel Xeon Gold 6130T Processor,Launched,Q3'17,16,3.7,2.1,22.0,4.852458471760798
Intel Xeon Gold 6130F Processor,Launched,Q3'17,16,3.7,2.1,22.0,4.852458471760798
Intel Xeon Gold 6226 Processor,Launched,Q2'19,12,3.7,2.7,19.25,4.845813953488372
Intel Xeon Processor E5-2697 v2,Launched,Q3'13,12,3.5,2.7,30.0,4.845424343098762
Intel Core i7-4930K Processor,Discontinued,Q3'13,6,3.9,3.4,12.0,4.842239504681364
Intel Xeon Processor E5-2687W v3,Launched,Q3'14,10,3.5,3.1,25.0,4.841535789791604
Intel Core i7-6900K Processor,Discontinued,Q2'16,8,3.7,3.2,20.0,4.838112352763516
Intel Xeon Processor E5-1660,Discontinued,Q1'12,6,3.9,3.3,15.0,4.834688915735427
Intel Core i7-3960X Processor Extreme Edition,Discontinued,Q4'11,6,3.9,3.3,15.0,4.834688915735427
Intel Xeon Processor E5-2667 v4,Launched,Q1'16,8,3.6,3.2,25.0,4.833047417698581
Intel Xeon Processor E5-4667 v4,Launched,Q2'16,18,3.0,2.2,45.0,4.832671398369073
Intel Core i7-4820K Processor,Discontinued,Q3'13,4,3.9,3.7,10.0,4.83080036242827
Intel Xeon Processor E5-1620 v2,Launched,Q3'13,4,3.9,3.7,10.0,4.83080036242827
Intel Core i7-4790 Processor,Discontinued,Q2'14,4,4.0,3.6,8.0,4.828314708547267
Intel Xeon Processor E3-1290,Discontinued,Q3'11,4,4.0,3.6,8.0,4.828314708547267
Intel Xeon Processor E3-1285 v3,Discontinued,Q2'13,4,4.0,3.6,8.0,4.828314708547267
Intel Xeon Processor E3-1280 v3,Discontinued,Q2'13,4,4.0,3.6,8.0,4.828314708547267
Intel Xeon Processor E3-1275 v5,Launched,Q4'15,4,4.0,3.6,8.0,4.828314708547267
Intel Xeon Processor E3-1276 v3,Launched,Q2'14,4,4.0,3.6,8.0,4.828314708547267
Intel Xeon Processor E3-1280 v2,Discontinued,Q2'12,4,4.0,3.6,8.0,4.828314708547267
Intel Xeon Processor E3-1270 v5,Launched,Q4'15,4,4.0,3.6,8.0,4.828314708547267
Intel Xeon Processor E3-1271 v3,Launched,Q2'14,4,4.0,3.6,8.0,4.828314708547267
Intel Core i7-9850HE Processor,Launched,Q2'19,6,4.4,2.7,9.0,4.827697070371489
Intel Core i5-9500E Processor,Launched,Q2'19,6,4.2,3.0,9.0,4.827231954092419
Intel Core i5-7600 Processor,Launched,Q1'17,4,4.1,3.5,6.0,4.825829054666264
Intel Xeon Processor E5-2643 v4,Launched,Q1'16,6,3.7,3.4,20.0,4.806135608577469
Intel Xeon Processor E5-2643 v3,Launched,Q3'14,6,3.7,3.4,20.0,4.806135608577469
Intel Xeon Gold 6126T Processor,Launched,Q3'17,12,3.7,2.6,19.25,4.799302325581396
Intel Xeon Gold 6126 Processor,Launched,Q3'17,12,3.7,2.6,19.25,4.799302325581396
Intel Xeon Gold 6126F Processor,Launched,Q3'17,12,3.7,2.6,19.25,4.799302325581396
Intel Xeon Processor E5-2690 v3,Launched,Q3'14,12,3.5,2.6,30.0,4.7989127151917845
Intel Xeon Gold 6128 Processor,Launched,Q3'17,6,3.7,3.4,19.25,4.796395348837209
Intel Core i7-6950X Processor Extreme Edition,Discontinued,Q2'16,10,3.5,3.0,25.0,4.795024161884627
Intel Core i7-5930K Processor,Discontinued,Q3'14,6,3.7,3.5,15.0,4.787712171549381
Intel Xeon Processor E7-8860 v3,Launched,Q2'15,16,3.2,2.2,40.0,4.782736333434007
Intel Xeon Processor X5687,Discontinued,Q1'11,4,3.86,3.6,12.0,4.782262760495319
Intel Xeon Processor E7-8893 v3,Launched,Q2'15,4,3.5,3.2,45.0,4.77278767743884
Intel Xeon Processor E5-2680 v2,Launched,Q3'13,10,3.6,2.8,25.0,4.772000906070674
Intel Xeon Processor E5-2690,Discontinued,Q1'12,8,3.8,2.9,20.0,4.768577469042585
Intel Xeon Processor E5-2667 v3,Launched,Q3'14,8,3.6,3.2,20.0,4.7681123527635165
Intel Core i9-9900T Processor,Launched,Q2'19,8,4.4,2.1,16.0,4.7645363938387195
Intel Xeon Processor E5-4627 v2,Launched,Q1'14,8,3.6,3.3,16.0,4.762675928722441
Intel Xeon W-2123 Processor,Launched,Q3'17,4,3.9,3.6,8.25,4.76156146179402
Intel Xeon Processor E5-1630 v3,Launched,Q3'14,4,3.8,3.7,10.0,4.760800362428269
Intel Core i7-8559U Processor,Launched,Q2'18,4,4.5,2.7,8.0,4.759710057384476
Intel Xeon Processor E7-2880 v2,Launched,Q1'14,15,3.1,2.5,37.5,4.757303684687405
Intel Xeon Processor E7-8880 v2,Launched,Q1'14,15,3.1,2.5,37.5,4.757303684687405
Intel Xeon Processor E7-4880 v2,Launched,Q1'14,15,3.1,2.5,37.5,4.757303684687405
"Intel Core i5+8500 Processor (9M Cache, up to 4.10 GHz) includes Intel Optane Memory",Launched,Q2'18,6,4.1,3.0,9.0,4.757231954092418
Intel Core i5-8500 Processor,Launched,Q2'18,6,4.1,3.0,9.0,4.757231954092418
Intel Core i5-8500B Processor,Launched,Q2'18,6,4.1,3.0,9.0,4.757231954092418
Intel Xeon Processor E5-2680 v4,Launched,Q1'16,14,3.3,2.4,35.0,4.755824524312896
Intel Core i7-990X Processor Extreme Edition,Discontinued,Q1'11,6,3.73,3.46,12.0,4.751146481425551
Intel Xeon Processor X5690,Discontinued,Q1'11,6,3.73,3.46,12.0,4.751146481425551
Intel Xeon Processor W3690,Discontinued,Q1'11,6,3.73,3.46,12.0,4.751146481425551
Intel Core i7-8809G Processor with Radeon RX Vega M GH graphics,Announced,Q1'18,4,4.2,3.1,8.0,4.735756569012383
Intel Xeon Processor E3-1535M v6,Launched,Q1'17,4,4.2,3.1,8.0,4.735756569012383
Intel Core i7-6700 Processor,Launched,Q3'15,4,4.0,3.4,8.0,4.735291452733313
Intel Xeon Processor E5-2637 v2,Launched,Q3'13,4,3.8,3.5,15.0,4.732712171549381
Intel Xeon Gold 5122 Processor,Launched,Q3'17,4,3.7,3.6,16.5,4.728704318936877
Intel Xeon Platinum 8156 Processor,Launched,Q3'17,4,3.7,3.6,16.5,4.728704318936877
Intel Xeon Processor E5-4669 v3,Launched,Q2'15,18,2.9,2.1,45.0,4.716159770462097
Intel Xeon Processor E7-8870 v3,Launched,Q2'15,18,2.9,2.1,45.0,4.716159770462097
Intel Xeon Processor E5-1620,Discontinued,Q1'12,4,3.8,3.6,10.0,4.7142887345212925
Intel Core i7-3820 Processor,Discontinued,Q1'12,4,3.8,3.6,10.0,4.7142887345212925
Intel Xeon Processor E3-1246 v3,Launched,Q2'14,4,3.9,3.5,8.0,4.71180308064029
Intel Core i7-2700K Processor,Discontinued,Q4'11,4,3.9,3.5,8.0,4.71180308064029
Intel Xeon Processor E3-1275 v2,Launched,Q2'12,4,3.9,3.5,8.0,4.71180308064029
Intel Xeon Processor E3-1275 v3,Launched,Q2'13,4,3.9,3.5,8.0,4.71180308064029
Intel Xeon Processor E3-1241 v3,Launched,Q2'14,4,3.9,3.5,8.0,4.71180308064029
Intel Xeon Processor E3-1270 v2,Discontinued,Q2'12,4,3.9,3.5,8.0,4.71180308064029
Intel Xeon Processor E3-1240 v5,Launched,Q4'15,4,3.9,3.5,8.0,4.71180308064029
Intel Core i7-4771 Processor,Discontinued,Q3'13,4,3.9,3.5,8.0,4.71180308064029
Intel Xeon Processor E3-1280,Discontinued,Q2'11,4,3.9,3.5,8.0,4.71180308064029
Intel Xeon Processor E3-1585 v5,Launched,Q2'16,4,3.9,3.5,8.0,4.71180308064029
Intel Xeon Processor E3-1230 v6,Launched,Q1'17,4,3.9,3.5,8.0,4.71180308064029
Intel Core i7-4770K Processor,Discontinued,Q2'13,4,3.9,3.5,8.0,4.71180308064029
Intel Core i7-3770K Processor,Discontinued,Q2'12,4,3.9,3.5,8.0,4.71180308064029
Intel Xeon Processor E3-1245 v5,Launched,Q4'15,4,3.9,3.5,8.0,4.71180308064029
Intel Xeon Processor E3-1270 v3,Discontinued,Q2'13,4,3.9,3.5,8.0,4.71180308064029
Intel Core i7-8850H Processor,Launched,Q2'18,6,4.3,2.6,9.0,4.7111854424645125
Intel Core i5-9400F Processor,Launched,Q1'19,6,4.1,2.9,9.0,4.710720326185442
Intel Core i5-9400 Processor,Launched,Q1'19,6,4.1,2.9,9.0,4.710720326185442
Intel Xeon Processor E5-2695 v3,Launched,Q3'14,14,3.3,2.3,35.0,4.709312896405919
Intel Core i5-6600K Processor,Discontinued,Q3'15,4,3.9,3.5,6.0,4.685829054666264
Intel Core i5-4690K Processor,Discontinued,Q2'14,4,3.9,3.5,6.0,4.685829054666264
Intel Core i5-4690 Processor,Discontinued,Q2'14,4,3.9,3.5,6.0,4.685829054666264
Intel Core i7-3930K Processor,Discontinued,Q4'11,6,3.8,3.2,12.0,4.679216248867411
Intel Xeon Processor E5-1650,Discontinued,Q1'12,6,3.8,3.2,12.0,4.679216248867411
Intel Core i7-6800K Processor,Discontinued,Q2'16,6,3.6,3.4,15.0,4.671200543642404
Intel Xeon Processor E5-1620 v4,Launched,Q2'16,4,3.8,3.5,10.0,4.667777106614316
Intel Core i7-7920HQ Processor,Launched,Q1'17,4,4.1,3.1,8.0,4.665756569012383
Intel Core i7-8706G Processor with Radeon Pro WX Vega M GL graphics,Launched,Q3'18,4,4.1,3.1,8.0,4.665756569012383
Intel Core i7-8705G Processor with Radeon RX Vega M GL graphics,Announced,Q1'18,4,4.1,3.1,8.0,4.665756569012383
Intel Core i7-8706G Processor with Radeon RX Vega M GL graphics,Launched,Q1'18,4,4.1,3.1,8.0,4.665756569012383
Intel Core i7-8709G Processor with Radeon RX Vega M GH graphics,Announced,Q1'18,4,4.1,3.1,8.0,4.665756569012383
Intel Core i7-3770 Processor,Discontinued,Q2'12,4,3.9,3.4,8.0,4.665291452733314
Intel Core i7-4770 Processor,Discontinued,Q2'13,4,3.9,3.4,8.0,4.665291452733314
Intel Xeon Processor E5-2637 v3,Launched,Q3'14,4,3.7,3.5,15.0,4.662712171549382
Intel Xeon Processor E5-2637 v4,Launched,Q1'16,4,3.7,3.5,15.0,4.662712171549382
Intel Xeon Processor E5-4660 v4,Launched,Q2'16,16,3.0,2.2,40.0,4.642736333434009
Intel Core i7-4790S Processor,Launched,Q2'14,4,4.0,3.2,8.0,4.64226819691936
Intel Xeon Processor E3-1286L v3,Discontinued,Q2'14,4,4.0,3.2,8.0,4.64226819691936
Intel Xeon Gold 5217 Processor,Launched,Q2'19,8,3.7,3.0,11.0,4.628205980066445
Intel Xeon Processor X5677,Discontinued,Q1'10,4,3.73,3.46,12.0,4.626146481425551
Intel Core i7-5820K Processor,Discontinued,Q3'14,6,3.6,3.3,15.0,4.624688915735427
Intel Core i7-10510U Processor,Launched,Q3'19,4,4.9,1.8,8.0,4.621105406221686
Intel Core i7-6785R Processor,Discontinued,Q2'16,4,3.9,3.3,8.0,4.618779824826337
Intel Xeon Processor E3-1285 v4,Launched,Q2'15,4,3.8,3.5,6.0,4.615829054666264
Intel Xeon Processor E5-2680 v3,Launched,Q3'14,12,3.3,2.5,30.0,4.612401087284807
Intel Xeon Processor E5-1660 v3,Launched,Q3'14,8,3.5,3.0,20.0,4.605089096949562
Intel Core i7-5960X Processor Extreme Edition,Discontinued,Q3'14,8,3.5,3.0,20.0,4.605089096949562
Intel Core i7-7567U Processor,Launched,Q1'17,2,4.0,3.5,4.0,4.604855028692238
Intel Core i7-980X Processor Extreme Edition,Discontinued,Q1'10,6,3.6,3.33,12.0,4.599681365146482
Intel Xeon Processor W3680,Discontinued,Q1'10,6,3.6,3.33,12.0,4.599681365146482
Intel Core i7-980 Processor,Discontinued,Q2'11,6,3.6,3.33,12.0,4.599681365146482
Intel Xeon Processor X5680,Discontinued,Q1'10,6,3.6,3.33,12.0,4.599681365146482
Intel Xeon Processor E7-8880L v3,Launched,Q2'15,18,2.8,2.0,45.0,4.59964814255512
Intel Core i7-8665U Processor,Launched,Q2 '19,4,4.8,1.9,8.0,4.597617034128662
Intel Xeon Processor E5-2683 v4,Launched,Q1'16,16,3.0,2.1,40.0,4.596224705527031
Intel Core i7-9700T Processor,Launched,Q2'19,8,4.3,2.0,12.0,4.596076713983691
Intel Core i7-4940MX Processor Extreme Edition,Launched,Q1'14,4,4.0,3.1,8.0,4.595756569012383
Intel Core i7-2600 Processor,Launched,Q1'11,4,3.8,3.4,8.0,4.5952914527333135
Intel Core i7-2600K Processor,Discontinued,Q1'11,4,3.8,3.4,8.0,4.5952914527333135
Intel Xeon Processor E3-1245 v2,Discontinued,Q2'12,4,3.8,3.4,8.0,4.5952914527333135
Intel Xeon Processor E3-1230 v5,Launched,Q4'15,4,3.8,3.4,8.0,4.5952914527333135
Intel Xeon Processor E3-1240 v2,Discontinued,Q2'12,4,3.8,3.4,8.0,4.5952914527333135
Intel Xeon Processor E3-1245 v3,Discontinued,Q2'13,4,3.8,3.4,8.0,4.5952914527333135
Intel Xeon Processor E3-1270,Discontinued,Q2'11,4,3.8,3.4,8.0,4.5952914527333135
Intel Xeon Processor E3-1240 v3,Discontinued,Q2'13,4,3.8,3.4,8.0,4.5952914527333135
Intel Xeon Processor E3-1275,Discontinued,Q2'11,4,3.8,3.4,8.0,4.5952914527333135
Intel Xeon Processor E3-1231 v3,Launched,Q2'14,4,3.8,3.4,8.0,4.5952914527333135
Intel Core i5-8400B Processor,Launched,Q2'18,6,4.0,2.8,9.0,4.594208698278465
Intel Core i5-8400 Processor,Launched,Q4'17,6,4.0,2.8,9.0,4.594208698278465
"Intel Core i5+8400 Processor (9M Cache, up to 4.00 GHz) includes Intel Optane Memory",Launched,Q2'18,6,4.0,2.8,9.0,4.594208698278465
Intel Core i5-6600 Processor,Launched,Q3'15,4,3.9,3.3,6.0,4.592805798852311
Intel Xeon Processor E7-4860 v2,Launched,Q1'14,12,3.2,2.6,30.0,4.5889127151917855
Intel Core i5-3570 Processor,Discontinued,Q2'12,4,3.8,3.4,6.0,4.569317426759287
Intel Core i5-4670 Processor,Discontinued,Q2'13,4,3.8,3.4,6.0,4.569317426759287
Intel Xeon Processor E3-1285L v4,Launched,Q2'15,4,3.8,3.4,6.0,4.569317426759287
Intel Core i5-2550K Processor,Discontinued,Q1'12,4,3.8,3.4,6.0,4.569317426759287
Intel Core i5-4670K Processor,Discontinued,Q2'13,4,3.8,3.4,6.0,4.569317426759287
Intel Core i5-3570K Processor,Discontinued,Q2'12,4,3.8,3.4,6.0,4.569317426759287
Intel Core i5-7500 Processor,Launched,Q1'17,4,3.8,3.4,6.0,4.569317426759287
Intel Core i5-680 Processor,Discontinued,Q2'10,2,3.86,3.6,4.0,4.553366656599215
Intel Xeon Processor E3-1505M v6,Launched,Q1'17,4,4.0,3.0,8.0,4.549244941105406
Intel Core i7-4770R Processor,Discontinued,Q2'13,4,3.9,3.2,6.0,4.546294170945334
Intel Core i5-4690S Processor,Discontinued,Q2'14,4,3.9,3.2,6.0,4.546294170945334
Intel Xeon Processor E5-1620 v3,Launched,Q3'14,4,3.6,3.5,10.0,4.527777106614316
Intel Core i5-9400H Processor,Launched,Q2'19,4,4.3,2.5,8.0,4.5266868015705235
Intel Core i7-3770S Processor,Discontinued,Q2'12,4,3.9,3.1,8.0,4.525756569012383
Intel Xeon Processor E3-1285L v3,Discontinued,Q2'13,4,3.9,3.1,8.0,4.525756569012383
Intel Core i7-4770S Processor,Launched,Q2'13,4,3.9,3.1,8.0,4.525756569012383
Intel Core i7-5775R Processor,Discontinued,Q2'15,4,3.8,3.3,6.0,4.5228057988523105
Intel Xeon Silver 4216 Processor,Launched,Q2'19,16,3.2,2.1,22.0,4.502458471760797
Intel Xeon Processor E5-2660 v4,Launched,Q1'16,14,3.2,2.0,35.0,4.49977801268499
Intel Xeon Processor E5-2695 v2,Launched,Q3'13,12,3.2,2.4,30.0,4.495889459377832
Intel Xeon Processor E5-4667 v3,Launched,Q2'15,16,2.9,2.0,40.0,4.479713077620055
Intel Xeon Processor E3-1575M v5,Launched,Q1'16,4,3.9,3.0,8.0,4.479244941105406
Intel Core i7-3940XM Processor Extreme Edition,Launched,Q3'12,4,3.9,3.0,8.0,4.479244941105406
Intel Core i7-4930MX Processor Extreme Edition,Launched,Q2'13,4,3.9,3.0,8.0,4.479244941105406
Intel Xeon Processor E3-1230 v3,Discontinued,Q2'13,4,3.7,3.3,8.0,4.478779824826336
Intel Xeon Processor E3-1226 v3,Launched,Q2'14,4,3.7,3.3,8.0,4.478779824826336
Intel Xeon Processor E3-1225 v5,Launched,Q4'15,4,3.7,3.3,8.0,4.478779824826336
Intel Xeon Processor E3-1225 v6,Launched,Q1'17,4,3.7,3.3,8.0,4.478779824826336
Intel Xeon Processor E3-1230 v2,Discontinued,Q2'12,4,3.7,3.3,8.0,4.478779824826336
Intel Xeon Processor E3-1240,Discontinued,Q2'11,4,3.7,3.3,8.0,4.478779824826336
Intel Xeon Processor E3-1245,Discontinued,Q2'11,4,3.7,3.3,8.0,4.478779824826336
Intel Core i5-8269U Processor,Launched,Q2'18,4,4.2,2.6,6.0,4.477224403503474
Intel Core i5-6685R Processor,Discontinued,Q2'16,4,3.8,3.2,6.0,4.476294170945334
Intel Xeon Processor E5-2660 v3,Launched,Q3'14,10,3.3,2.6,25.0,4.46897765025672
Intel Xeon Processor E5-2680,Discontinued,Q1'12,8,3.5,2.7,20.0,4.465554213228632
Intel Core i5-8400H Processor,Launched,Q2'18,4,4.2,2.5,8.0,4.456686801570523
Intel Xeon Processor E7-4850 v4,Launched,Q2'16,16,2.8,2.1,40.0,4.456224705527031
Intel Core i5-3550 Processor,Discontinued,Q2'12,4,3.7,3.3,6.0,4.45280579885231
Intel Core i5-4590 Processor,Discontinued,Q2'14,4,3.7,3.3,6.0,4.45280579885231
Intel Core i7-5775C Processor,Launched,Q2'15,4,3.7,3.3,6.0,4.45280579885231
Intel Core i5-2500K Processor,Discontinued,Q1'11,4,3.7,3.3,6.0,4.45280579885231
Intel Core i5-2500 Processor,Discontinued,Q1'11,4,3.7,3.3,6.0,4.45280579885231
Intel Core i7-8700T Processor,Launched,Q2'18,6,4.0,2.4,12.0,4.447123225611597
Intel Xeon Processor E5-2640 v4,Launched,Q1'16,10,3.4,2.4,25.0,4.445954394442767
Intel Xeon Processor W3670,Discontinued,Q3'10,6,3.46,3.2,12.0,4.441216248867411
Intel Core i7-970 Processor,Discontinued,Q3'10,6,3.46,3.2,12.0,4.441216248867411
Intel Core i7-7820HQ Processor,Launched,Q1'17,4,3.9,2.9,8.0,4.43273331319843
Intel Xeon Processor E3-1260L v5,Launched,Q4'15,4,3.9,2.9,8.0,4.43273331319843
Intel Core i7-7820HK Processor,Launched,Q1'17,4,3.9,2.9,8.0,4.43273331319843
Intel Core i7-4910MQ Processor,Launched,Q1'14,4,3.9,2.9,8.0,4.43273331319843
Intel Core i7-4980HQ Processor,Launched,Q3'14,4,4.0,2.8,6.0,4.430247659317427
Intel Core i5-4670S Processor,Discontinued,Q2'13,4,3.8,3.1,6.0,4.429782543038357
Intel Core i5-3570S Processor,Discontinued,Q2'12,4,3.8,3.1,6.0,4.429782543038357
Intel Xeon Processor E7-2870 v2,Launched,Q1'14,15,2.9,2.3,30.0,4.426877831470854
Intel Xeon Processor E7-4870 v2,Launched,Q1'14,15,2.9,2.3,30.0,4.426877831470854
Intel Xeon Processor E7-8870 v2,Launched,Q1'14,15,2.9,2.3,30.0,4.426877831470854
Intel Core i7-975 Processor Extreme Edition,Discontinued,Q2'09,4,3.6,3.33,8.0,4.42273331319843
Intel Xeon Processor W3580,Discontinued,Q3'09,4,3.6,3.33,8.0,4.42273331319843
Intel Xeon Processor W5590,Launched,Q3'09,4,3.6,3.33,8.0,4.42273331319843
Intel Xeon Processor E5-2670 v2,Launched,Q3'13,10,3.3,2.5,25.0,4.422466022349743
Intel Xeon Processor X5672,Discontinued,Q1'11,4,3.6,3.2,12.0,4.414216248867412
Intel Core i7-8565U Processor,Launched,Q3'18,4,4.6,1.8,8.0,4.411105406221686
Intel Xeon Platinum 8253 Processor,Launched,Q2'19,16,3.0,2.2,22.0,4.4089700996677745
Intel Xeon D-2183IT Processor,Launched,Q1'18,16,3.0,2.2,22.0,4.4089700996677745
Intel Xeon Processor E7-8880L v2,Launched,Q1'14,15,2.8,2.2,37.5,4.407768800966475
Intel Xeon E-2276ML Processor,Launched,Q2'19,6,4.2,2.0,12.0,4.401076713983691
Intel Xeon Processor E5-4627 v3,Launched,Q2'15,10,3.2,2.6,25.0,4.39897765025672
Intel Xeon Processor E5-4627 v4,Launched,Q2'16,10,3.2,2.6,25.0,4.39897765025672
Intel Core i5-670 Processor,Discontinued,Q1'10,2,3.73,3.46,4.0,4.397250377529447
Intel Xeon Gold 5120T Processor,Launched,Q3'17,14,3.2,2.2,19.25,4.388255813953489
Intel Xeon Gold 5120 Processor,Launched,Q3'17,14,3.2,2.2,19.25,4.388255813953489
Intel Xeon Processor X3480,Discontinued,Q2'10,4,3.73,3.06,8.0,4.388151917849593
Intel Core i7-880 Processor,Discontinued,Q2'10,4,3.73,3.06,8.0,4.388151917849593
Intel Core i7-8750H Processor,Launched,Q2'18,6,4.1,2.2,9.0,4.3851389308366056
Intel Xeon Processor E5-2670 v3,Launched,Q3'14,12,3.1,2.3,30.0,4.379377831470855
Intel Xeon Processor X5675,Discontinued,Q1'11,6,3.46,3.06,12.0,4.376099969797645
Intel Xeon Processor E5-2667,Discontinued,Q1'12,6,3.5,2.9,15.0,4.36864240410752
Intel Xeon E-2278GEL Processor,Launched,Q2'19,8,3.9,2.0,16.0,4.368024765931742
Intel Xeon Processor E5-2643,Discontinued,Q1'12,4,3.5,3.3,10.0,4.364753850800362
Intel Core i7-7700T Processor,Launched,Q1'17,4,3.8,2.9,8.0,4.362733313198429
Intel Core i7-3920XM Processor Extreme Edition,Launched,Q2'12,4,3.8,2.9,8.0,4.362733313198429
Intel Xeon Processor E3-1535M v5,Launched,Q3'15,4,3.8,2.9,8.0,4.362733313198429
Intel Core i7-6920HQ Processor,Launched,Q3'15,4,3.8,2.9,8.0,4.362733313198429
Intel Xeon Processor E3-1545M v5,Launched,Q1'16,4,3.8,2.9,8.0,4.362733313198429
Intel Xeon Processor E3-1230,Discontinued,Q2'11,4,3.6,3.2,8.0,4.36226819691936
Intel Xeon Processor E3-1225 v3,Launched,Q2'13,4,3.6,3.2,8.0,4.36226819691936
Intel Xeon Processor E3-1235,Discontinued,Q2'11,4,3.6,3.2,8.0,4.36226819691936
Intel Xeon Processor E3-1225 v2,Launched,Q2'12,4,3.6,3.2,8.0,4.36226819691936
Intel Xeon Processor E5-2683 v3,Launched,Q3'14,14,3.0,2.0,35.0,4.359778012684989
Intel Xeon Processor E5-2658 v4,Launched,Q1'16,14,2.8,2.3,35.0,4.359312896405919
Intel Xeon Processor E5-4655 v3,Launched,Q2'15,6,3.2,2.9,30.0,4.353447598912715
Intel Xeon Processor E5-2650 v2,Launched,Q3'13,8,3.4,2.6,20.0,4.349042585321655
Intel Xeon Processor E5-2640 v3,Launched,Q3'14,8,3.4,2.6,20.0,4.349042585321655
Intel Xeon Gold 5215M Processor,Launched,Q2'19,10,3.4,2.5,13.75,4.346362126245847
Intel Xeon Gold 5215L Processor,Launched,Q2'19,10,3.4,2.5,13.75,4.346362126245847
Intel Xeon Gold 5215 Processor,Launched,Q2'19,10,3.4,2.5,13.75,4.346362126245847
Intel Core i5-9300H Processor,Launched,Q2'19,4,4.1,2.4,8.0,4.340175173663546
Intel Core i7-4790T Processor,Discontinued,Q2'14,4,3.9,2.7,8.0,4.339710057384476
Intel Xeon Processor E3-1275L v3,Discontinued,Q2'14,4,3.9,2.7,8.0,4.339710057384476
Intel Xeon Processor E3-1585L v5,Launched,Q2'16,4,3.7,3.0,8.0,4.339244941105407
Intel Core i7-7820EQ Processor,Launched,Q1'17,4,3.7,3.0,8.0,4.339244941105407
Intel Core i7-5950HQ Processor,Launched,Q2'15,4,3.8,2.9,6.0,4.336759287224403
Intel Core i5-3470 Processor,Discontinued,Q2'12,4,3.6,3.2,6.0,4.336294170945334
Intel Core i5-4570 Processor,Discontinued,Q2'13,4,3.6,3.2,6.0,4.336294170945334
Intel Core i5-6500 Processor,Launched,Q3'15,4,3.6,3.2,6.0,4.336294170945334
Intel Xeon Processor E5-4660 v3,Launched,Q2'15,14,2.9,2.1,35.0,4.336289640591967
Intel Core i7-10710U Processor,Launched,Q3'19,6,4.7,1.1,12.0,4.3324720628209
Intel Xeon Processor E5-4650,Discontinued,Q2'12,8,3.3,2.7,20.0,4.3255542132286315
Intel Core i7-4900MQ Processor,Launched,Q2'13,4,3.8,2.8,8.0,4.316221685291453
Intel Core i7-2600S Processor,Discontinued,Q1'11,4,3.8,2.8,8.0,4.316221685291453
Intel Core i7-3840QM Processor,Launched,Q3'12,4,3.8,2.8,8.0,4.316221685291453
Intel Xeon D-2187NT Processor,Launched,Q1'18,16,3.0,2.0,22.0,4.315946843853821
Intel Core i5-8279U Processor,Launched,Q2'19,4,4.1,2.4,6.0,4.31420114768952
Intel Core i5-3550S Processor,Launched,Q2'12,4,3.7,3.0,6.0,4.313270915131381
Intel Core i5-4590S Processor,Launched,Q2'14,4,3.7,3.0,6.0,4.313270915131381
Intel Xeon Processor E5-4650 v4,Launched,Q2'16,14,2.8,2.2,35.0,4.312801268498943
Intel Xeon Processor E7-4850 v3,Launched,Q2'15,14,2.8,2.2,35.0,4.312801268498943
Intel Xeon Processor E5-2470 v2,Launched,Q1'14,10,3.2,2.4,25.0,4.305954394442766
Intel Core i5-7287U Processor,Launched,Q1'17,2,3.7,3.3,4.0,4.301831772878285
Intel Xeon Processor E5-4617,Discontinued,Q2'12,6,3.4,2.9,15.0,4.298642404107521
Intel Core i7-8557U Processor,Launched,Q3'19,4,4.5,1.7,8.0,4.294593778314709
Intel Xeon Processor E5-4655 v4,Launched,Q2'16,8,3.2,2.5,30.0,4.292401087284809
Intel Core i5-9600T Processor,Launched,Q2'19,6,3.9,2.3,9.0,4.291650558743582
Intel Core i5-8305G Processor with Radeon RX Vega M GL graphics,Announced,Q1'18,4,3.8,2.8,6.0,4.290247659317426
Intel Core i7-7700HQ Processor,Launched,Q1'17,4,3.8,2.8,6.0,4.290247659317426
Intel Core i5-7440HQ Processor,Launched,Q1'17,4,3.8,2.8,6.0,4.290247659317426
Intel Core i5-8305G Processor with Radeon Pro WX Vega M GL graphics,Launched,Q3'18,4,3.8,2.8,6.0,4.290247659317426
Intel Core i7-4810MQ Processor,Launched,Q1'14,4,3.8,2.8,6.0,4.290247659317426
Intel Core i5-4670R Processor,Discontinued,Q2'13,4,3.7,3.0,4.0,4.287296889157355
Intel Xeon Processor E5-4657L v2,Launched,Q1'14,12,2.9,2.4,30.0,4.285889459377831
Intel Xeon Processor E5-2670,Discontinued,Q1'12,8,3.3,2.6,20.0,4.279042585321655
Intel Xeon Gold 5118 Processor,Launched,Q3'17,12,3.2,2.3,16.5,4.274053156146179
Intel Core i5-2450P Processor,Discontinued,Q1'12,4,3.5,3.2,6.0,4.266294170945334
Intel Xeon Processor W3570,Discontinued,Q1'09,4,3.46,3.2,8.0,4.264268196919359
Intel Core i7-960 Processor,Discontinued,Q4'09,4,3.46,3.2,8.0,4.264268196919359
Intel Xeon Processor W5580,Launched,Q1'09,4,3.46,3.2,8.0,4.264268196919359
Intel Core i7-965 Processor Extreme Edition,Discontinued,Q4'08,4,3.46,3.2,8.0,4.264268196919359
Intel Xeon Processor W3565,Discontinued,Q4'09,4,3.46,3.2,8.0,4.264268196919359
Intel Core i5-5675C Processor,Launched,Q2'15,4,3.6,3.1,4.0,4.263808517064332
Intel Core i5-5675R Processor,Discontinued,Q2'15,4,3.6,3.1,4.0,4.263808517064332
Intel Xeon Silver 4215 Processor,Launched,Q2'19,8,3.5,2.5,11.0,4.255647840531561
Intel Xeon Processor X5667,Discontinued,Q1'10,4,3.46,3.06,12.0,4.251099969797645
Intel Xeon Gold 5119T Processor,Launched,Q3'17,14,3.2,1.9,19.25,4.248720930232558
Intel Xeon Processor E3-1505M v5,Launched,Q3'15,4,3.7,2.8,8.0,4.246221685291453
Intel Core i7-6970HQ Processor,Launched,Q1'16,4,3.7,2.8,8.0,4.246221685291453
Intel Xeon Processor E3-1515M v5,Launched,Q1'16,4,3.7,2.8,8.0,4.246221685291453
Intel Core i5-661 Processor,Discontinued,Q1'10,2,3.6,3.33,4.0,4.2457852612503775
Intel Core i5-660 Processor,Discontinued,Q1'10,2,3.6,3.33,4.0,4.2457852612503775
Intel Xeon Processor E3-1220 v2,Discontinued,Q2'12,4,3.5,3.1,8.0,4.245756569012383
Intel Xeon Processor E3-1220 v3,Launched,Q2'13,4,3.5,3.1,8.0,4.245756569012383
Intel Core i7-9850HL Processor,Launched,Q2'19,6,4.1,1.9,9.0,4.245604047115675
Intel Core i7-870 Processor,Discontinued,Q3'09,4,3.6,2.93,8.0,4.236686801570523
Intel Core i7-875K Processor,Discontinued,Q2'10,4,3.6,2.93,8.0,4.236686801570523
Intel Xeon Processor X3470,Discontinued,Q3'09,4,3.6,2.93,8.0,4.236686801570523
Intel Xeon Processor E5-2450 v2,Launched,Q1'14,8,3.3,2.5,20.0,4.232530957414679
Intel Core i7-6567U Processor,Launched,Q3'15,2,3.6,3.3,4.0,4.2318317728782855
Intel Xeon Silver 4214Y Processor,Launched,Q2'19,12,3.2,2.2,16.5,4.227541528239202
Intel Xeon Silver 4214 Processor,Launched,Q2'19,12,3.2,2.2,16.5,4.227541528239202
Intel Xeon Processor E5-2623 v3,Launched,Q3'14,4,3.5,3.0,10.0,4.225218967079432
Intel Xeon Processor X5670,Discontinued,Q1'10,6,3.33,2.93,12.0,4.224634853518575
Intel Core i7-8665UE Processor,Launched,Q2'19,4,4.4,1.7,8.0,4.224593778314708
Intel Core i5-8300H Processor,Launched,Q2'18,4,4.0,2.3,8.0,4.223663545756569
Intel Xeon E-2254ME Processor,Launched,Q2'19,4,3.8,2.6,8.0,4.223198429477499
Intel Core i5-7600T Processor,Launched,Q1'17,4,3.7,2.8,6.0,4.220247659317427
Intel Core i5-3450 Processor,Discontinued,Q2'12,4,3.5,3.1,6.0,4.219782543038357
Intel Xeon Processor E7-4830 v4,Launched,Q2'16,14,2.8,2.0,35.0,4.219778012684989
Intel Xeon Processor E5-2618L v4,Launched,Q1'16,10,3.2,2.2,25.0,4.2129311386288135
Intel Xeon Processor E5-2618L v3,Launched,Q3'14,8,3.4,2.3,20.0,4.2095077016007245
Intel Core i7-7600U Processor,Launched,Q1'17,2,3.9,2.8,4.0,4.2092736333434
Intel Core i7-3820QM Processor,Launched,Q2'12,4,3.7,2.7,8.0,4.199710057384477
Intel Core i7-2960XM Processor Extreme Edition,Launched,Q4'11,4,3.7,2.7,8.0,4.199710057384477
Intel Xeon Processor E3-1220 v6,Launched,Q1'17,4,3.5,3.0,8.0,4.199244941105405
Intel Xeon Processor E3-1220 v5,Launched,Q4'15,4,3.5,3.0,8.0,4.199244941105405
Intel Xeon D-1653N Processor,Launched,Q2'19,8,3.2,2.8,12.0,4.198169737239504
Intel Core i7-4960HQ Processor,Launched,Q4'13,4,3.8,2.6,6.0,4.197224403503474
Intel Core i5-7440EQ Processor,Launched,Q1'17,4,3.6,2.9,6.0,4.196759287224404
Intel Xeon Processor E3-1501M v6,Launched,Q2'17,4,3.6,2.9,6.0,4.196759287224404
Intel Core i5-4570S Processor,Launched,Q2'13,4,3.6,2.9,6.0,4.196759287224404
Intel Core i5-3475S Processor,Discontinued,Q2'12,4,3.6,2.9,6.0,4.196759287224404
Intel Core i5-3470S Processor,Discontinued,Q2'12,4,3.6,2.9,6.0,4.196759287224404
Intel Core i5-4460 Processor,Discontinued,Q2'14,4,3.4,3.2,6.0,4.196294170945334
Intel Xeon Processor E5-2658 v3,Launched,Q3'14,12,2.9,2.2,30.0,4.192866203563878
Intel Xeon Processor E5-2650 v4,Launched,Q1'16,12,2.9,2.2,30.0,4.192866203563878
Intel Xeon Processor E5-2658A v3,Launched,Q1'15,12,2.9,2.2,30.0,4.192866203563878
Intel Core i7-8650U Processor,Launched,Q3'17,4,4.2,1.9,8.0,4.177617034128662
Intel Core i7-6700T Processor,Launched,Q3'15,4,3.6,2.8,8.0,4.176221685291453
Intel Xeon Platinum 8153 Processor,Launched,Q3'17,16,2.8,2.0,22.0,4.17594684385382
Intel Xeon Processor E3-1220,Discontinued,Q2'11,4,3.4,3.1,8.0,4.175756569012383
Intel Core i7-4800MQ Processor,Launched,Q2'13,4,3.7,2.7,6.0,4.173736031410451
Intel Core i7-3740QM Processor,Launched,Q3'12,4,3.7,2.7,6.0,4.173736031410451
Intel Core i5-2500S Processor,Discontinued,Q1'11,4,3.7,2.7,6.0,4.173736031410451
Intel Core i5-7400 Processor,Launched,Q1'17,4,3.5,3.0,6.0,4.173270915131379
Intel Xeon Processor E5-2658 v2,Launched,Q3'13,10,3.0,2.4,25.0,4.165954394442767
Intel Core i7-3540M Processor,Launched,Q1'13,2,3.7,3.0,4.0,4.162296889157354
Intel Core i7-4610M Processor,Launched,Q1'14,2,3.7,3.0,4.0,4.162296889157354
Intel Xeon Gold 5115 Processor,Launched,Q3'17,10,3.2,2.4,13.75,4.15985049833887
Intel Core i7-9700TE Processor,Launched,Q2'19,8,3.8,1.8,12.0,4.153053458169737
Intel Core i5-8600T Processor,Launched,Q2'18,6,3.7,2.3,9.0,4.151650558743582
Intel Core i5-6585R Processor,Discontinued,Q2'16,4,3.6,2.8,6.0,4.150247659317427
Intel Core i5-2380P Processor,Discontinued,Q1'12,4,3.4,3.1,6.0,4.149782543038357
Intel Xeon Processor E3-1225,Discontinued,Q2'11,4,3.4,3.1,6.0,4.149782543038357
Intel Core i5-2400 Processor,Launched,Q1'11,4,3.4,3.1,6.0,4.149782543038357
Intel Xeon Processor E5-2630 v4,Launched,Q1'16,10,3.1,2.2,25.0,4.142931138628813
Intel Core i7-7660U Processor,Launched,Q1'17,2,4.0,2.5,4.0,4.13973874962247
Intel Xeon Processor E5-4650L,Discontinued,Q2'12,8,3.1,2.6,20.0,4.139042585321656
Intel Core i7-6870HQ Processor,Launched,Q1'16,4,3.6,2.7,8.0,4.129710057384477
Intel Core i7-6820HK Processor,Launched,Q3'15,4,3.6,2.7,8.0,4.129710057384477
Intel Core i7-6820HQ Processor,Launched,Q3'15,4,3.6,2.7,8.0,4.129710057384477
Intel Xeon Processor E5-2650 v3,Launched,Q3'14,10,3.0,2.3,25.0,4.11944276653579
Intel Xeon Processor E5-2630 v3,Launched,Q3'14,8,3.2,2.4,20.0,4.116019329507702
Intel Core i7-870S Processor,Discontinued,Q2'10,4,3.6,2.66,8.0,4.111105406221686
Intel Xeon Processor W3550,Discontinued,Q3'09,4,3.33,3.06,8.0,4.108151917849593
Intel Core i7-950 Processor,Discontinued,Q2'09,4,3.33,3.06,8.0,4.108151917849593
Intel Core i7-3770T Processor,Discontinued,Q2'12,4,3.7,2.5,8.0,4.106686801570523
Intel Xeon Processor E3-1265L v3,Launched,Q2'13,4,3.7,2.5,8.0,4.106686801570523
Intel Core i7-4770T Processor,Discontinued,Q2'13,4,3.7,2.5,8.0,4.106686801570523
Intel Core i7-6820EQ Processor,Launched,Q4'15,4,3.5,2.8,8.0,4.106221685291453
Intel Xeon D-2177NT Processor,Launched,Q1'18,14,3.0,1.9,19.0,4.105474176985805
Intel Core i5-9500T Processor,Launched,Q2'19,6,3.7,2.2,9.0,4.105138930836605
Intel Core i7-5850HQ Processor,Launched,Q2'15,4,3.6,2.7,6.0,4.103736031410451
Intel Xeon Processor E5-4650 v2,Launched,Q1'14,10,2.9,2.4,25.0,4.095954394442766
Intel Core i3-8109U Processor,Launched,Q2'18,2,3.6,3.0,4.0,4.092296889157354
Intel Xeon Processor E7-4850 v2,Launched,Q1'14,12,2.8,2.3,24.0,4.091455753548777
Intel Xeon Processor E7-8850 v2,Launched,Q1'14,12,2.8,2.3,24.0,4.091455753548777
Intel Xeon Processor E7-2850 v2,Launched,Q1'14,12,2.8,2.3,24.0,4.091455753548777
Intel Xeon Processor E7-8870,Discontinued,Q2'11,10,2.8,2.4,30.0,4.090889459377831
Intel Xeon Processor E7-2870,Discontinued,Q2'11,10,2.8,2.4,30.0,4.090889459377831
Intel Xeon Processor E7-4870,Discontinued,Q2'11,10,2.8,2.4,30.0,4.090889459377831
Intel Xeon D-2161I Processor,Launched,Q1'18,12,3.0,2.2,16.5,4.0875415282392025
Intel Core i5-650 Processor,Discontinued,Q1'10,2,3.46,3.2,4.0,4.087320144971308
Intel Core i5-655K Processor,Discontinued,Q2'10,2,3.46,3.2,4.0,4.087320144971308
Intel Xeon D-1637 Processor,Launched,Q2'19,6,3.2,2.9,9.0,4.080720326185443
Intel Core i7-4870HQ Processor,Launched,Q3'14,4,3.7,2.5,6.0,4.0807127755964965
Intel Core i5-3450S Processor,Discontinued,Q2'12,4,3.5,2.8,6.0,4.080247659317426
Intel Core i5-4440 Processor,Discontinued,Q3'13,4,3.3,3.1,6.0,4.079782543038356
Intel Core i5-3340 Processor,Discontinued,Q3'13,4,3.3,3.1,6.0,4.079782543038356
Intel Core i5-3350P Processor,Discontinued,Q3'12,4,3.3,3.1,6.0,4.079782543038356
Intel Core i7-860 Processor,Discontinued,Q3'09,4,3.46,2.8,8.0,4.078221685291453
Intel Xeon Processor X3460,Discontinued,Q3'09,4,3.46,2.8,8.0,4.078221685291453
Intel Xeon Processor E5-4650 v3,Launched,Q2'15,12,2.8,2.1,30.0,4.076354575656901
Intel Xeon Processor X5660,Discontinued,Q1'10,6,3.2,2.8,12.0,4.073169737239504
Intel Xeon Processor E5-2660 v2,Launched,Q3'13,10,3.0,2.2,25.0,4.072931138628813
Intel Xeon Processor E5-4620 v2,Launched,Q1'14,8,3.0,2.6,20.0,4.069042585321656
Intel Core i5-7267U Processor,Launched,Q1'17,2,3.5,3.1,4.0,4.068808517064331
Intel Core i5-5350H Processor,Launched,Q2'15,2,3.5,3.1,4.0,4.068808517064331
Intel Core i5-6287U Processor,Launched,Q3'15,2,3.5,3.1,4.0,4.068808517064331
Intel Xeon Silver 4210 Processor,Launched,Q2'19,10,3.2,2.2,13.75,4.066827242524917
Intel Core i7-10510Y Processor,Launched,Q3'19,4,4.5,1.2,8.0,4.062035638779825
Intel Core i5-8259U Processor,Launched,Q2'18,4,3.8,2.3,6.0,4.057689519782543
Intel Core i7-4720HQ Processor,Launched,Q1'15,4,3.6,2.6,6.0,4.057224403503474
Intel Core i7-3720QM Processor,Launched,Q2'12,4,3.6,2.6,6.0,4.057224403503474
Intel Core i5-4460S Processor,Discontinued,Q2'14,4,3.4,2.9,6.0,4.056759287224403
Intel Xeon Processor X5570,Launched,Q1'09,4,3.33,2.93,8.0,4.0476868015705225
Intel Xeon D-2163IT Processor,Launched,Q1'18,12,3.0,2.1,17.0,4.047523406825732
Intel Xeon Processor E5-2665,Discontinued,Q1'12,8,3.1,2.4,20.0,4.046019329507702
Intel Core i5-4570T Processor,Discontinued,Q2'13,2,3.6,2.9,4.0,4.045785261250377
Intel Core i7-4600M Processor,Launched,Q4'13,2,3.6,2.9,4.0,4.045785261250377
Intel Core i7-3520M Processor,Launched,Q2'12,2,3.6,2.9,4.0,4.045785261250377
Intel Xeon Silver 4116 Processor,Launched,Q3'17,12,3.0,2.1,16.5,4.041029900332226
Intel Xeon Silver 4116T Processor,Launched,Q3'17,12,3.0,2.1,16.5,4.041029900332226
Intel Core i7-2860QM Processor,Launched,Q4'11,4,3.6,2.5,8.0,4.036686801570522
Intel Xeon Processor E5-2637,Discontinued,Q1'12,2,3.5,3.0,5.0,4.035283902144367
Intel Core i5-9500TE Processor,Launched,Q2'19,6,3.6,2.2,9.0,4.035138930836605
Intel Core i5-6600T Processor,Launched,Q3'15,4,3.5,2.7,6.0,4.03373603141045
Intel Core i7-5700HQ Processor,Launched,Q2'15,4,3.5,2.7,6.0,4.03373603141045
Intel Core i5-2320 Processor,Discontinued,Q3'11,4,3.3,3.0,6.0,4.0332709151313795
Intel Core i5-4340M Processor,Launched,Q1'14,2,3.6,2.9,3.0,4.032798248263364
Intel Core i5-3470T Processor,Discontinued,Q2'12,2,3.6,2.9,3.0,4.032798248263364
Intel Core i5-3380M Processor,Launched,Q1'13,2,3.6,2.9,3.0,4.032798248263364
Intel Core i3-10110U Processor,Launched,Q3'19,2,4.1,2.1,4.0,4.023692237994564
Intel Core i7-4578U Processor,Launched,Q3'14,2,3.5,3.0,4.0,4.022296889157354
Intel Xeon D-2173IT Processor,Launched,Q1'18,14,3.0,1.7,19.0,4.012450921171851
Intel Core i5-10210U Processor,Launched,Q3'19,4,4.2,1.6,6.0,4.012108124433706
Intel Core i5-6402P Processor,Discontinued,Q4'15,4,3.4,2.8,6.0,4.010247659317426
Intel Xeon Processor E7-8837,Discontinued,Q2'11,8,2.8,2.66,24.0,4.008897614013893
Intel Xeon Processor X5647,Discontinued,Q1'11,4,3.2,2.93,12.0,4.008634853518575
Intel Xeon Processor E7-4830 v3,Launched,Q2'15,12,2.7,2.1,30.0,4.006354575656902
Intel Xeon D-2166NT Processor,Launched,Q1'18,12,3.0,2.0,17.0,4.001011778918755
Intel Xeon Processor E5-2470,Discontinued,Q2'12,8,3.1,2.3,20.0,3.9995077016007254
Intel Core i7-5557U Processor,Launched,Q1'15,2,3.4,3.1,4.0,3.9988085170643304
Intel Core i7-8550U Processor,Launched,Q3'17,4,4.0,1.8,8.0,3.9911054062216857
Intel Core i7-6770HQ Processor,Launched,Q1'16,4,3.5,2.6,6.0,3.987224403503473
Intel Core i7-6700HQ Processor,Launched,Q3'15,4,3.5,2.6,6.0,3.987224403503473
Intel Core i5-6440HQ Processor,Launched,Q3'15,4,3.5,2.6,6.0,3.987224403503473
Intel Core i5-760 Processor,Discontinued,Q3'10,4,3.33,2.8,8.0,3.987221685291453
Intel Xeon Processor E3-1265L v2,Discontinued,Q2'12,4,3.5,2.5,8.0,3.9666868015705226
Intel Core i7-2920XM Processor Extreme Edition,Launched,Q1'11,4,3.5,2.5,8.0,3.9666868015705226
Intel Xeon Processor E3-1565L v5,Launched,Q2'16,4,3.5,2.5,8.0,3.9666868015705226
Intel Core i7-4860HQ Processor,Launched,Q1'14,4,3.6,2.4,6.0,3.9642011476895203
Intel Core i7-4950HQ Processor,Launched,Q3'13,4,3.6,2.4,6.0,3.9642011476895203
Intel Core i5-6440EQ Processor,Launched,Q4'15,4,3.4,2.7,6.0,3.9637360314104497
Intel Core i7-5850EQ Processor,Launched,Q2'15,4,3.4,2.7,6.0,3.9637360314104497
Intel Core i5-3330 Processor,Discontinued,Q3'12,4,3.2,3.0,6.0,3.96327091513138
Intel Core i5-4430 Processor,Discontinued,Q2'13,4,3.2,3.0,6.0,3.96327091513138
Intel Core i5-4210H Processor,Launched,Q3'14,2,3.5,2.9,3.0,3.9627982482633644
Intel Xeon Processor W3540,Discontinued,Q1'09,4,3.2,2.93,8.0,3.9566868015705223
Intel Core i7-940 Processor,Discontinued,Q4'08,4,3.2,2.93,8.0,3.9566868015705223
Intel Core i7-7560U Processor,Launched,Q1'17,2,3.8,2.4,4.0,3.9532271217154937
Intel Core i7-860S Processor,Discontinued,Q1'10,4,3.46,2.53,8.0,3.9526402899426154
Intel Xeon Processor E5-2630 v2,Launched,Q3'13,6,3.1,2.6,15.0,3.9491075203865904
Intel Core i5-8365U Processor,Launched,Q2 '19,4,4.1,1.6,6.0,3.9421081244337057
Intel Core i5-8365UE Processor,Launched,Q2'19,4,4.1,1.6,6.0,3.9421081244337057
Intel Core i5-7300HQ Processor,Launched,Q1'17,4,3.5,2.5,6.0,3.940712775596497
Intel Core i5-4690T Processor,Discontinued,Q2'14,4,3.5,2.5,6.0,3.940712775596497
Intel Core i7-4710HQ Processor,Launched,Q2'14,4,3.5,2.5,6.0,3.940712775596497
Intel Core i7-4710MQ Processor,Launched,Q2'14,4,3.5,2.5,6.0,3.940712775596497
Intel Core i5-3340S Processor,Discontinued,Q3'13,4,3.3,2.8,6.0,3.9402476593174263
Intel Core i5-4440S Processor,Discontinued,Q3'13,4,3.3,2.8,6.0,3.9402476593174263
Intel Xeon Processor E5-4640 v4,Launched,Q2'16,12,2.6,2.1,30.0,3.936354575656902
Intel Core i3-8145UE Processor,Launched,Q2'19,2,3.9,2.2,4.0,3.9302038659015404
Intel Core i7-2640M Processor,Launched,Q4'11,2,3.5,2.8,4.0,3.9292736333434
Intel Xeon Silver 4114T Processor,Launched,Q3'17,10,3.0,2.2,13.75,3.926827242524917
Intel Xeon Silver 4114 Processor,Launched,Q3'17,10,3.0,2.2,13.75,3.926827242524917
Intel Xeon Processor E5-2620 v3,Launched,Q3'14,6,3.2,2.4,15.0,3.926084264572636
Intel Core i5-8500T Processor,Launched,Q2'18,6,3.5,2.1,9.0,3.918627302929629
Intel Core i7-5700EQ Processor,Launched,Q2'15,4,3.4,2.6,6.0,3.9172244035034733
Intel Core i5-2310 Processor,Discontinued,Q2'11,4,3.2,2.9,6.0,3.9167592872244033
Intel Xeon D-1627 Processor,Launched,Q2'19,4,3.2,2.9,6.0,3.9167592872244033
Intel Xeon Processor E5-2648L v4,Launched,Q1'16,14,2.5,1.8,35.0,3.916754756871036
Intel Core i5-4330M Processor,Launched,Q4'13,2,3.5,2.8,3.0,3.916286620356387
Intel Core i5-3360M Processor,Launched,Q2'12,2,3.5,2.8,3.0,3.916286620356387
Intel Core i5-5575R Processor,Discontinued,Q2'15,4,3.3,2.8,4.0,3.9142736333434005
Intel Xeon Processor X5650,Discontinued,Q1'10,6,3.06,2.66,12.0,3.9100534581697373
Intel Xeon Silver 4209T Processor,Launched,Q2'19,8,3.2,2.2,11.0,3.906112956810631
Intel Core i7-640M Processor,Discontinued,Q3'10,2,3.46,2.8,4.0,3.9012736333434006
Intel Xeon Processor X5560,Launched,Q1'09,4,3.2,2.8,8.0,3.896221685291452
Intel Xeon D-1633N Processor,Launched,Q2'19,6,3.2,2.5,9.0,3.894673814557535
Intel Core i7-2760QM Processor,Launched,Q4'11,4,3.5,2.4,6.0,3.8942011476895195
Intel Core i5-6400 Processor,Launched,Q3'15,4,3.3,2.7,6.0,3.89373603141045
Intel Core i5-7500T Processor,Launched,Q1'17,4,3.3,2.7,6.0,3.89373603141045
Intel Core i3-8145U Processor,Launched,Q3'18,2,3.9,2.1,4.0,3.8836922379945635
Intel Xeon Processor E5-2660,Discontinued,Q1'12,8,3.0,2.2,20.0,3.8829960736937483
Intel Core i7-7500U Processor,Launched,Q3'16,2,3.5,2.7,4.0,3.8827620054364242
Intel Core i7-5750HQ Processor,Launched,Q2'15,4,3.4,2.5,6.0,3.8707127755964965
Intel Xeon Processor E5-2650L v4,Launched,Q1'16,14,2.5,1.7,35.0,3.870243128964059
Intel Core i5-2390T Processor,Discontinued,Q1'11,2,3.5,2.7,3.0,3.869774992449411
Intel Xeon Silver 4208 Processor,Launched,Q2'19,8,3.2,2.1,11.0,3.859601328903654
Intel Xeon Processor E7-8860,Discontinued,Q2'11,10,2.67,2.26,24.0,3.8568511023859866
Intel Xeon Processor E7-4860,Discontinued,Q2'11,10,2.67,2.26,24.0,3.8568511023859866
Intel Xeon Processor E7-2860,Discontinued,Q2'11,10,2.67,2.26,24.0,3.8568511023859866
Intel Xeon Processor D-1567,Launched,Q1'16,12,2.7,2.1,18.0,3.850510419812746
Intel Core i7-6700TE Processor,Launched,Q4'15,4,3.4,2.4,8.0,3.8501751736635454
Intel Xeon Processor E3-1268L v5,Launched,Q4'15,4,3.4,2.4,8.0,3.8501751736635454
Intel Core i7-4850HQ Processor,Launched,Q3'13,4,3.5,2.3,6.0,3.8476895197825427
Intel Core i5-4200H Processor,Launched,Q4'13,2,3.4,2.8,3.0,3.8462866203563872
Intel Xeon Processor E5-4640 v3,Launched,Q2'15,12,2.6,1.9,30.0,3.843331319842948
Intel Xeon Processor E5-2620 v4,Launched,Q1'16,8,3.0,2.1,20.0,3.836484445786772
Intel Xeon Processor E5-4640,Discontinued,Q2'12,8,2.8,2.4,20.0,3.8360193295077014
Intel Core i5-6267U Processor,Launched,Q3'15,2,3.3,2.9,4.0,3.8357852612503773
Intel Xeon Processor E5-2430 v2,Launched,Q1'14,6,3.0,2.5,15.0,3.8325958924796137
Intel Xeon Processor E5-2640,Discontinued,Q1'12,6,3.0,2.5,15.0,3.8325958924796137
Intel Core i5-750 Processor,Discontinued,Q3'09,4,3.2,2.66,8.0,3.8311054062216856
Intel Xeon Processor X3450,Launched,Q3'09,4,3.2,2.66,8.0,3.8311054062216856
Intel Xeon Processor E5-2623 v4,Launched,Q1'16,4,3.2,2.6,10.0,3.829172455451525
Intel Xeon D-1649N Processor,Launched,Q2'19,8,3.0,2.3,12.0,3.8256115977046212
Intel Core i7-4700EQ Processor,Launched,Q2'13,4,3.4,2.4,6.0,3.8242011476895192
Intel Core i7-4700MQ Processor,Launched,Q2'13,4,3.4,2.4,6.0,3.8242011476895192
Intel Core i7-3630QM Processor,Launched,Q3'12,4,3.4,2.4,6.0,3.8242011476895192
Intel Core i7-4722HQ Processor,Launched,Q1'15,4,3.4,2.4,6.0,3.8242011476895192
Intel Core i7-3635QM Processor,Launched,Q3'12,4,3.4,2.4,6.0,3.8242011476895192
Intel Core i7-4700HQ Processor,Launched,Q2'13,4,3.4,2.4,6.0,3.8242011476895192
Intel Core i5-4430S Processor,Discontinued,Q2'13,4,3.2,2.7,6.0,3.82373603141045
Intel Core i5-3330S Processor,Discontinued,Q3'12,4,3.2,2.7,6.0,3.82373603141045
Intel Core i5-7300U Processor,Launched,Q1'17,2,3.5,2.6,3.0,3.8232633645424343
Intel Core i5-5287U Processor,Launched,Q1'15,2,3.3,2.9,3.0,3.8227982482633642
Intel Xeon Processor E5-2630L v4,Launched,Q1'16,10,2.9,1.8,25.0,3.8168846270009062
Intel Core i7-2620M Processor,Launched,Q1'11,2,3.4,2.7,4.0,3.812762005436424
Intel Xeon D-2146NT Processor,Launched,Q1'18,8,3.0,2.3,11.0,3.812624584717608
Intel Xeon Processor X7542,Discontinued,Q1'10,6,2.8,2.67,18.0,3.810626698882513
Intel Core i7-2820QM Processor,Launched,Q1'11,4,3.4,2.3,8.0,3.8036635457565686
Intel Core i5-8265U Processor,Launched,Q3'18,4,3.9,1.6,6.0,3.8021081244337056
Intel Core i5-2405S Processor,Discontinued,Q2'11,4,3.3,2.5,6.0,3.8007127755964962
Intel Core i5-2400S Processor,Discontinued,Q1'11,4,3.3,2.5,6.0,3.8007127755964962
Intel Core i5-2300 Processor,Discontinued,Q1'11,4,3.1,2.8,6.0,3.8002476593174266
Intel Core i5-4310M Processor,Launched,Q1'14,2,3.4,2.7,3.0,3.7997749924494113
Intel Core i5-3340M Processor,Launched,Q1'13,2,3.4,2.7,3.0,3.7997749924494113
Intel Xeon Processor W3530,Discontinued,Q1'10,4,3.06,2.8,8.0,3.7982216852914523
Intel Core i7-930 Processor,Discontinued,Q1'10,4,3.06,2.8,8.0,3.7982216852914523
Intel Xeon Processor E5-4640 v2,Launched,Q1'14,10,2.7,2.2,20.0,3.7979960736937484
Intel Xeon Processor E7-4830 v2,Launched,Q1'14,10,2.7,2.2,20.0,3.7979960736937484
Intel Core i5-4570R Processor,Discontinued,Q2'13,4,3.2,2.7,4.0,3.7977620054364243
Intel Core i7-4558U Processor,Launched,Q3'13,2,3.3,2.8,4.0,3.7892736333434005
Intel Xeon Processor E3-1260L,Discontinued,Q2'11,4,3.3,2.4,8.0,3.780175173663545
Intel Xeon D-1622 Processor,Launched,Q2'19,4,3.2,2.6,6.0,3.7772244035034728
Intel Xeon Processor E7-8867L,Discontinued,Q2'11,10,2.53,2.13,30.0,3.7763080640289943
Intel Core i5-4308U Processor,Launched,Q3'14,2,3.3,2.8,3.0,3.776286620356388
Intel Core i5-7360U Processor,Launched,Q1'17,2,3.6,2.3,4.0,3.7667154938085172
Intel Xeon Processor E5-2450,Discontinued,Q2'12,8,2.9,2.1,20.0,3.766484445786772
Intel Core i7-6600U Processor,Launched,Q3'15,2,3.4,2.6,4.0,3.766250377529447
Intel Xeon D-2141I Processor,Launched,Q1'18,8,3.0,2.2,11.0,3.7661129568106317
Intel Xeon D-2143IT Processor,Launched,Q1'18,8,3.0,2.2,11.0,3.7661129568106317
Intel Xeon Processor E5649,Launched,Q1'11,6,2.93,2.53,12.0,3.7585883418906674
Intel Xeon Processor E5-4620 v4,Launched,Q2'16,10,2.6,2.1,25.0,3.7464195107218363
Intel Core i7-620M Processor,Launched,Q1'10,2,3.33,2.66,4.0,3.745157354273634
Intel Core i7-8510Y Processor,Launched,Q1'19,2,3.9,1.8,4.0,3.7441573542736335
Intel Core i5-4570TE Processor,Launched,Q2'13,2,3.3,2.7,4.0,3.742762005436424
Intel Xeon Processor X7560,Discontinued,Q1'10,8,2.67,2.27,24.0,3.736502265176684
Intel Core i7-4770TE Processor,Launched,Q2'13,4,3.3,2.3,8.0,3.733663545756569
Intel Xeon Processor E3-1268L v3,Launched,Q2'13,4,3.3,2.3,8.0,3.733663545756569
Intel Xeon Processor X5550,Launched,Q1'09,4,3.06,2.66,8.0,3.733105406221685
Intel Core i5-580M Processor,Discontinued,Q3'10,2,3.33,2.66,3.0,3.7321703412866207
Intel Core i7-4770HQ Processor,Launched,Q3'14,4,3.4,2.2,6.0,3.731177891875566
Intel Core i5-3610ME Processor,Launched,Q2'12,2,3.3,2.7,3.0,3.729774992449411
Intel Core i5-4400E Processor,Launched,Q3'13,2,3.3,2.7,3.0,3.729774992449411
Intel Xeon Processor E5-2648L v3,Launched,Q3'14,12,2.5,1.8,30.0,3.7268196919359715
Intel Xeon Processor E5-2650L v3,Launched,Q3'14,12,2.5,1.8,30.0,3.7268196919359715
Intel Xeon Silver 4110 Processor,Launched,Q3'17,8,3.0,2.1,11.0,3.719601328903655
Intel Xeon Processor E5-2440,Discontinued,Q2'12,6,2.9,2.4,15.0,3.7160842645726366
Intel Xeon Processor E5-4610,Discontinued,Q2'12,6,2.9,2.4,15.0,3.7160842645726366
Intel Core i5-750S Processor,Discontinued,Q1'10,4,3.2,2.4,8.0,3.7101751736635458
Intel Core i5-10310Y Processor,Launched,Q3'19,4,4.1,1.1,6.0,3.709549984898822
Intel Core i5-9400T Processor,Launched,Q2'19,6,3.4,1.8,9.0,3.709092419208698
Intel Core i7-3615QM Processor,Launched,Q2'12,4,3.3,2.3,6.0,3.7076895197825426
Intel Core i5-3570T Processor,Discontinued,Q2'12,4,3.3,2.3,6.0,3.7076895197825426
Intel Core i7-3615QE Processor,Launched,Q2'12,4,3.3,2.3,6.0,3.7076895197825426
Intel Core i7-3610QM Processor,Launched,Q2'12,4,3.3,2.3,6.0,3.7076895197825426
Intel Core i7-3610QE Processor,Launched,Q2'12,4,3.3,2.3,6.0,3.7076895197825426
Intel Xeon Processor E3-1265L v4,Launched,Q2'15,4,3.3,2.3,6.0,3.7076895197825426
Intel Core i7-4712HQ Processor,Launched,Q2'14,4,3.3,2.3,6.0,3.7076895197825426
Intel Core i7-4712MQ Processor,Launched,Q2'14,4,3.3,2.3,6.0,3.7076895197825426
Intel Core i5-6500TE Processor,Launched,Q4'15,4,3.3,2.3,6.0,3.7076895197825426
Intel Core i5-2500T Processor,Discontinued,Q1'11,4,3.3,2.3,6.0,3.7076895197825426
Intel Core i5-4670T Processor,Discontinued,Q2'13,4,3.3,2.3,6.0,3.7076895197825426
Intel Xeon Processor E5-4628L v4,Launched,Q2'16,14,2.2,1.8,35.0,3.706754756871036
Intel Xeon Processor E5-2628L v4,Launched,Q1'16,12,2.4,1.9,30.0,3.703331319842948
Intel Xeon Processor E5-4620 v3,Launched,Q2'15,10,2.6,2.0,25.0,3.6999078828148595
Intel Xeon Processor E5640,Discontinued,Q1'10,4,2.93,2.66,12.0,3.694053458169737
Intel Core i7-1065G7 Processor,Launched,Q3'19,4,3.9,1.3,8.0,3.6885472666868013
Intel Xeon D-1623N Processor,Launched,Q2'19,4,3.2,2.4,6.0,3.68420114768952
Intel Xeon Processor E3-1220L v2,Discontinued,Q2'12,2,3.5,2.3,3.0,3.683728480821504
Intel Core i5-2540M Processor,Launched,Q1'11,2,3.3,2.6,3.0,3.6832633645424346
Intel Core i5-4300M Processor,Launched,Q4'13,2,3.3,2.6,3.0,3.6832633645424346
Intel Core i5-3320M Processor,Launched,Q2'12,2,3.3,2.6,3.0,3.6832633645424346
Intel Core i7-940XM Processor Extreme Edition,Discontinued,Q3'10,4,3.33,2.13,8.0,3.675593778314709
Intel Core i7-6660U Processor,Launched,Q1'16,2,3.4,2.4,4.0,3.6732271217154935
Intel Xeon Silver 4109T Processor,Launched,Q3'17,8,3.0,2.0,11.0,3.6730897009966776
Intel Xeon Processor E5-4610 v2,Launched,Q1'14,8,2.7,2.3,16.0,3.667559649652673
Intel Xeon Silver 4112 Processor,Launched,Q3'17,4,3.0,2.6,8.25,3.666445182724253
Intel Xeon Processor E3-1578L v5,Launched,Q2'16,4,3.4,2.0,8.0,3.6641286620356386
Intel Core i7-2720QM Processor,Launched,Q1'11,4,3.3,2.2,6.0,3.661177891875566
Intel Core i5-6500T Processor,Launched,Q3'15,4,3.1,2.5,6.0,3.6607127755964965
Intel Core i5-8210Y Processor,Launched,Q1'19,2,3.9,1.6,4.0,3.6511340984596794
Intel Core i5-8310Y Processor,Launched,Q1'19,2,3.9,1.6,4.0,3.6511340984596794
Intel Xeon Processor E5-2650,Discontinued,Q1'12,8,2.8,2.0,20.0,3.649972817879794
Intel Xeon Processor E5-2430L v2,Launched,Q1'14,6,2.8,2.4,15.0,3.646084264572637
Intel Xeon Processor E5-2630L v2,Launched,Q3'13,6,2.8,2.4,15.0,3.646084264572637
Intel Core i7-920 Processor,Discontinued,Q4'08,4,2.93,2.66,8.0,3.642105406221685
Intel Xeon Processor W3520,Discontinued,Q1'09,4,2.93,2.66,8.0,3.642105406221685
Intel Core i5-560M Processor,Discontinued,Q3'10,2,3.2,2.66,3.0,3.64117034128662
Intel Core i5-8350U Processor,Launched,Q3'17,4,3.6,1.7,6.0,3.6386197523406825
Intel Core i5-6300HQ Processor,Launched,Q3'15,4,3.2,2.3,6.0,3.6376895197825427
Intel Core i5-6350HQ Processor,Launched,Q1'16,4,3.2,2.3,6.0,3.6376895197825427
Intel Xeon Processor E5-2628L v3,Launched,Q3'14,10,2.5,2.0,25.0,3.6299078828148597
Intel Xeon Processor E5-2630L v3,Launched,Q3'14,8,2.9,1.8,20.0,3.6269495620658416
Intel Xeon D-2142IT Processor,Launched,Q1'18,8,3.0,1.9,11.0,3.6265780730897013
Intel Xeon D-2145NT Processor,Launched,Q1'18,8,3.0,1.9,11.0,3.6265780730897013
Intel Core i7-5600U Processor,Launched,Q1'15,2,3.2,2.6,4.0,3.6262503775294475
Intel Core i7-4785T Processor,Discontinued,Q2'14,4,3.2,2.2,8.0,3.617151917849592
Intel Xeon Processor D-1553N,Launched,Q3'17,8,2.7,2.3,12.0,3.6156115977046213
Intel Core i7-4760HQ Processor,Launched,Q2'14,4,3.3,2.1,6.0,3.614666263968589
Intel Core i5-4210M Processor,Launched,Q2'14,2,3.2,2.6,3.0,3.6132633645424344
Intel Core i5-3230M Processor,Launched,Q1'13,2,3.2,2.6,3.0,3.6132633645424344
Intel Core i5-3230M Processor,Launched,Q1'13,2,3.2,2.6,3.0,3.6132633645424344
Intel Core i7-8500Y Processor,Launched,Q1'19,2,3.9,1.5,4.0,3.604622470552703
Intel Xeon Processor E5-2630,Discontinued,Q1'12,6,2.8,2.3,15.0,3.59957263666566
Intel Xeon Processor E5-4607 v2,Launched,Q1'14,6,2.6,2.6,15.0,3.5991075203865903
Intel Xeon E-2254ML Processor,Launched,Q2' 19,4,3.5,1.7,8.0,3.594593778314708
Intel Core i7-610E Processor,Launched,Q1'10,2,3.2,2.53,4.0,3.5936922379945635
Intel Core i5-10210Y Processor,Launched,Q3'19,4,4.0,1.0,6.0,3.593038356991846
Intel Core i5-8400T Processor,Launched,Q2'18,6,3.3,1.7,9.0,3.592580791301721
Intel Core i7-4702HQ Processor,Launched,Q2'13,4,3.2,2.2,6.0,3.591177891875566
Intel Core i7-4702MQ Processor,Launched,Q2'13,4,3.2,2.2,6.0,3.591177891875566
Intel Core i7-3632QM Processor,Launched,Q3'12,4,3.2,2.2,6.0,3.591177891875566
Intel Core i7-3632QM Processor,Launched,Q3'12,4,3.2,2.2,6.0,3.591177891875566
Intel Core i5-5257U Processor,Launched,Q1'15,2,3.1,2.7,3.0,3.589774992449412
Intel Xeon Processor E5-2648L v2,Launched,Q3'13,10,2.5,1.9,25.0,3.583396254907883
Intel Xeon Processor E5-4624L v2,Launched,Q1'14,10,2.5,1.9,25.0,3.583396254907883
Intel Xeon Processor EC5549,Launched,Q1'10,4,2.93,2.53,8.0,3.581640289942616
Intel Xeon Processor X3440,Discontinued,Q3'09,4,2.93,2.53,8.0,3.581640289942616
Intel Core i7-6650U Processor,Launched,Q3'15,2,3.4,2.2,4.0,3.58020386590154
Intel Core i3-8130U Processor,Launched,Q1'18,2,3.4,2.2,4.0,3.58020386590154
Intel Core i5-7260U Processor,Launched,Q1'17,2,3.4,2.2,4.0,3.58020386590154
Intel Xeon Silver 4108 Processor,Launched,Q3'17,8,3.0,1.8,11.0,3.580066445182725
Intel Core i7-3555LE Processor,Launched,Q2'12,2,3.2,2.5,4.0,3.5797387496224706
Intel Xeon Processor E3-1240L v5,Launched,Q4'15,4,3.2,2.1,8.0,3.5706402899426153
Intel Xeon Processor E3-1278L v4,Launched,Q2'15,4,3.3,2.0,6.0,3.568154636061612
Intel Xeon Processor E3-1220L,Discontinued,Q2'11,2,3.4,2.2,3.0,3.567216852914527
Intel Xeon D-1602 Processor,Launched,Q2'19,2,3.2,2.5,3.0,3.566751736635458
Intel Core i5-2520M Processor,Launched,Q1'11,2,3.2,2.5,3.0,3.566751736635458
Intel Xeon Processor E5-4620,Discontinued,Q2'12,8,2.6,2.2,16.0,3.5510480217456966
Intel Xeon Processor E3-1558L v5,Launched,Q2'16,4,3.3,1.9,8.0,3.5476170341286615
Intel Xeon Processor E7-8850,Discontinued,Q2'11,10,2.4,2.0,24.0,3.5469208698278463
Intel Xeon Processor E7-2850,Discontinued,Q2'11,10,2.4,2.0,24.0,3.5469208698278463
Intel Xeon Processor E7-4850,Discontinued,Q2'11,10,2.4,2.0,24.0,3.5469208698278463
Intel Core i5-7400T Processor,Launched,Q1'17,4,3.0,2.4,6.0,3.5442011476895194
Intel Core i5-4288U Processor,Launched,Q3'13,2,3.1,2.6,3.0,3.5432633645424345
Intel Core i5-4278U Processor,Launched,Q3'14,2,3.1,2.6,3.0,3.5432633645424345
Intel Xeon Processor E5630,Discontinued,Q1'10,4,2.8,2.53,12.0,3.542588341890667
Intel Xeon Processor L5640,Discontinued,Q1'10,6,2.8,2.26,12.0,3.5420069465418305
Intel Core i7-920XM Processor Extreme Edition,Discontinued,Q3'09,4,3.2,2.0,8.0,3.524128662035638
Intel Xeon Processor D-1541,Launched,Q4'15,8,2.7,2.1,12.0,3.5225883418906676
Intel Core i7-2670QM Processor,Launched,Q4'11,4,3.1,2.2,6.0,3.5211778918755665
Intel Core i7-2675QM Processor,Launched,Q4'11,4,3.1,2.2,6.0,3.5211778918755665
Intel Xeon Processor E5645,Launched,Q1'10,6,2.67,2.4,12.0,3.516123225611598
Intel Core i5-8200Y Processor,Launched,Q3'18,2,3.9,1.3,4.0,3.51159921473875
Intel Core i7-6500U Processor,Launched,Q3'15,2,3.1,2.5,4.0,3.509738749622471
Intel Core i7-4750HQ Processor,Launched,Q3'13,4,3.2,2.0,6.0,3.4981546360616123
Intel Core i5-2510E Processor,Launched,Q1'11,2,3.1,2.5,3.0,3.4967517366354577
Intel Core i5-3210M Processor,Launched,Q2'12,2,3.1,2.5,3.0,3.4967517366354577
Intel Core i5-2450M Processor,Launched,Q1'12,2,3.1,2.5,3.0,3.4967517366354577
Intel Core i5-4200M Processor,Launched,Q4'13,2,3.1,2.5,3.0,3.4967517366354577
Intel Core i5-2515E Processor,Launched,Q1'11,2,3.1,2.5,3.0,3.4967517366354577
Intel Core i5-3210M Processor,Launched,Q2'12,2,3.1,2.5,3.0,3.4967517366354577
Intel Core i5-7200U Processor,Launched,Q3'16,2,3.1,2.5,3.0,3.4967517366354577
Intel Xeon Processor E5540,Launched,Q1'09,4,2.8,2.53,8.0,3.490640289942615
Intel Core i5-540M Processor,Discontinued,Q1'10,2,3.07,2.53,3.0,3.4897052250075506
Intel Core i7-2649M Processor,Launched,Q1'11,2,3.2,2.3,4.0,3.486715493808517
Intel Xeon Processor E5-1428L v2,Launched,Q1'14,6,2.7,2.2,15.0,3.4830610087586833
Intel Xeon Processor E5-2420 v2,Launched,Q1'14,6,2.7,2.2,15.0,3.4830610087586833
Intel Xeon Processor E5-2430,Discontinued,Q2'12,6,2.7,2.2,15.0,3.4830610087586833
Intel Xeon Processor E7-8830,Discontinued,Q2'11,8,2.4,2.13,24.0,3.482385986106916
Intel Xeon Processor E7-2830,Discontinued,Q2'11,8,2.4,2.13,24.0,3.482385986106916
Intel Xeon Processor E7-4830,Discontinued,Q2'11,8,2.4,2.13,24.0,3.482385986106916
Intel Core i7-1060G7 Processor,Announced,Q3'19,4,3.8,1.0,8.0,3.4790123829658715
Intel Xeon Processor E3-1505L v6,Launched,Q1'17,4,3.0,2.2,8.0,3.4771519178495924
Intel Xeon D-2123IT Processor,Launched,Q1'18,4,3.0,2.2,8.0,3.4771519178495924
Intel Core i5-1035G7 Processor,Launched,Q3'19,4,3.7,1.2,6.0,3.476061612805799
Intel Core i7-3612QM Processor,Launched,Q2'12,4,3.1,2.1,6.0,3.47466626396859
Intel Core i7-3612QM Processor,Launched,Q2'12,4,3.1,2.1,6.0,3.47466626396859
Intel Core i7-3612QE Processor,Launched,Q2'12,4,3.1,2.1,6.0,3.47466626396859
Intel Xeon Processor E5-4648 v3,Launched,Q2'15,12,2.2,1.7,30.0,3.470308064028994
Intel Xeon Processor E5-2448L v2,Launched,Q1'14,10,2.4,1.8,25.0,3.466884627000906
Intel Core i7-4600U Processor,Launched,Q3'13,2,3.3,2.1,4.0,3.4636922379945636
Intel Core i7-3687U Processor,Launched,Q1'13,2,3.3,2.1,4.0,3.4636922379945636
Intel Core i7-840QM Processor,Discontinued,Q3'10,4,3.2,1.86,8.0,3.4590123829658714
Intel Xeon Processor 426,Discontinued,Q3'09,4,3.2,1.86,8.0,3.4590123829658714
Intel Xeon Processor L7555,Discontinued,Q1'10,8,2.53,1.87,24.0,3.4524557535487768
Intel Core i5-480M Processor,Discontinued,Q1'11,2,2.93,2.66,3.0,3.4521703412866205
Intel Core i5-8250U Processor,Launched,Q3'17,4,3.4,1.6,6.0,3.4521081244337055
Intel Core i3-10110Y Processor,Launched,Q3'19,2,4.0,1.0,4.0,3.4420643310178187
Intel Core i7-6560U Processor,Launched,Q3'15,2,3.2,2.2,4.0,3.4402038659015406
Intel Xeon Processor E5-2640 v2,Launched,Q3'13,8,2.5,2.0,20.0,3.4399728178797946
Intel Xeon Processor X3430,Launched,Q3'09,4,2.8,2.4,8.0,3.4301751736635455
Intel Core i5-1035G4 Processor,Launched,Q3'19,4,3.7,1.1,6.0,3.4295499848988227
Intel Xeon Processor E5-2658,Launched,Q1'12,8,2.4,2.1,20.0,3.4164844457867716
Intel Xeon Processor D-1540,Launched,Q1'15,8,2.6,2.0,12.0,3.4060767139836905
Intel Xeon Processor D-1548,Launched,Q4'15,8,2.6,2.0,12.0,3.4060767139836905
Intel Xeon Processor D-1531,Launched,Q4'15,6,2.7,2.2,9.0,3.405138930836605
Intel Xeon Processor E3-1258L v4,Launched,Q2'15,4,3.2,1.8,6.0,3.405131380247659
Intel Core i7-2710QE Processor,Launched,Q1'11,4,3.0,2.1,6.0,3.40466626396859
Intel Core i7-2715QE Processor,Launched,Q1'11,4,3.0,2.1,6.0,3.40466626396859
Intel Core i7-5500U Processor,Launched,Q1'15,2,3.0,2.4,4.0,3.393227121715494
Intel Xeon Processor E7-4820 v2,Launched,Q1'14,8,2.5,2.0,16.0,3.3880247659317426
Intel Xeon Processor D-1577,Launched,Q1'16,16,2.1,1.3,24.0,3.38633947447901
Intel Xeon Processor D-1571,Launched,Q1'16,16,2.1,1.3,24.0,3.38633947447901
Intel Xeon Processor E3-1240L v3,Launched,Q2'14,4,3.0,2.0,8.0,3.384128662035639
Intel Xeon Processor E3-1235L v5,Launched,Q4'15,4,3.0,2.0,8.0,3.384128662035639
Intel Core i7-4765T Processor,Discontinued,Q2'13,4,3.0,2.0,8.0,3.384128662035639
Intel Xeon Processor E5620,Launched,Q1'10,4,2.66,2.4,12.0,3.3841232256115976
Intel Core i5-6300U Processor,Launched,Q3'15,2,3.0,2.4,3.0,3.380240108728481
Intel Core i5-2435M Processor,Launched,Q4'11,2,3.0,2.4,3.0,3.380240108728481
Intel Core i5-2430M Processor,Launched,Q4'11,2,3.0,2.4,3.0,3.380240108728481
Intel Core i7-5650U Processor,Launched,Q1'15,2,3.1,2.2,4.0,3.3702038659015403
Intel Core i7-660LM Processor,Discontinued,Q3'10,2,3.06,2.26,4.0,3.370110842645726
Intel Xeon Processor E5-2620 v2,Launched,Q3'13,6,2.6,2.1,15.0,3.3665493808517066
Intel Xeon Processor D-1533N,Launched,Q3'17,6,2.7,2.1,9.0,3.3586273029296287
Intel Core i5-4590T Processor,Launched,Q2'14,4,3.0,2.0,6.0,3.3581546360616126
Intel Core i7-3667U Processor,Launched,Q2'12,2,3.2,2.0,4.0,3.3471806100875865
Intel Xeon Processor X6550,Discontinued,Q1'10,8,2.4,2.0,18.0,3.3439987919057685
Intel Xeon Processor X7550,Discontinued,Q1'10,8,2.4,2.0,18.0,3.3439987919057685
Intel Xeon Processor E3-1501L v6,Launched,Q2'17,4,2.9,2.1,6.0,3.3346662639685896
Intel Core i5-7442EQ Processor,Launched,Q1'17,4,2.9,2.1,6.0,3.3346662639685896
Intel Xeon Processor D-1521,Launched,Q4'15,4,2.7,2.4,6.0,3.3342011476895195
Intel Xeon Processor L5530,Launched,Q3'09,4,2.66,2.4,8.0,3.3321751736635457
Intel Xeon Processor E5530,Launched,Q1'09,4,2.66,2.4,8.0,3.3321751736635457
Intel Core i5-520E Processor,Launched,Q1'10,2,2.93,2.4,3.0,3.331240108728481
Intel Core i5-520M Processor,Launched,Q1'10,2,2.93,2.4,3.0,3.331240108728481
Intel Xeon Processor E5-2628L v2,Launched,Q3'13,8,2.4,1.9,20.0,3.323461189972818
Intel Xeon Processor E5-2440 v2,Launched,Q1'14,8,2.4,1.9,20.0,3.323461189972818
Intel Core i5-1035G1 Processor,Launched,Q3'19,4,3.6,1.0,6.0,3.3130383569918456
Intel Core i5-6400T Processor,Launched,Q3'15,4,2.8,2.2,6.0,3.311177891875566
Intel Core i5-4258U Processor,Launched,Q3'13,2,2.9,2.4,3.0,3.310240108728481
Intel Core i7-7Y75 Processor,Launched,Q3'16,2,3.6,1.3,4.0,3.30159921473875
Intel Core i5-460M Processor,Discontinued,Q3'10,2,2.8,2.53,3.0,3.30070522500755
Intel Core i7-820QM Processor,Discontinued,Q3'09,4,3.06,1.73,8.0,3.3005472666868014
Intel Xeon Processor E5-2609 v2,Launched,Q3'13,4,2.5,2.5,10.0,3.2926608275445486
Intel Xeon Processor D-1543N,Launched,Q3'17,8,2.5,1.9,12.0,3.289565086076714
Intel Core i7-2635QM Processor,Launched,Q1'11,4,2.9,2.0,6.0,3.2881546360616127
Intel Core i7-2630QM Processor,Launched,Q1'11,4,2.9,2.0,6.0,3.2881546360616127
Intel Core i7-4650U Processor,Launched,Q3'13,2,3.3,1.7,4.0,3.2776457263666563
Intel Core i5-6360U Processor,Launched,Q3'15,2,3.1,2.0,4.0,3.2771806100875867
Intel Core i7-4510U Processor,Launched,Q2'14,2,3.1,2.0,4.0,3.2771806100875867
Intel Core i7-3537U Processor,Launched,Q1'13,2,3.1,2.0,4.0,3.2771806100875867
Intel Core i5-2410M Processor,Launched,Q1'11,2,2.9,2.3,3.0,3.263728480821504
Intel Core i5-5300U Processor,Launched,Q1'15,2,2.9,2.3,3.0,3.263728480821504
Intel Core i7-2629M Processor,Launched,Q1'11,2,3.0,2.1,4.0,3.2536922379945636
Intel Xeon Processor E7-2820,Discontinued,Q2'11,8,2.27,2.0,18.0,3.2529987919057683
Intel Xeon Processor E7-4820,Discontinued,Q2'11,8,2.27,2.0,18.0,3.2529987919057683
Intel Xeon Processor E5-2620,Launched,Q1'12,6,2.5,2.0,15.0,3.2500377529447295
Intel Xeon Processor E5-2430L,Discontinued,Q2'12,6,2.5,2.0,15.0,3.2500377529447295
Intel Xeon Processor E5-2630L,Discontinued,Q1'12,6,2.5,2.0,15.0,3.2500377529447295
Intel Xeon Processor L7545,Discontinued,Q1'10,6,2.53,1.87,18.0,3.249533675626699
Intel Core i7-6822EQ Processor,Launched,Q4'15,4,2.8,2.0,8.0,3.2441286620356387
Intel Xeon Processor E3-1505L v5,Launched,Q4'15,4,2.8,2.0,8.0,3.2441286620356387
Intel Xeon Processor D-1527,Launched,Q4'15,4,2.7,2.2,6.0,3.2411778918755663
Intel Core i7-2655LE Processor,Launched,Q1'11,2,2.9,2.2,4.0,3.23020386590154
Intel Core i7-640LM Processor,Discontinued,Q1'10,2,2.93,2.13,4.0,3.218645726366657
Intel Xeon Processor E5-2650L v2,Launched,Q3'13,10,2.1,1.7,25.0,3.2103729990939294
Intel Xeon Processor E5-2450L v2,Launched,Q1'14,10,2.1,1.7,25.0,3.2103729990939294
Intel Core i7-5550U Processor,Launched,Q1'15,2,3.0,2.0,4.0,3.207180610087587
Intel Xeon Processor E5-2428L v2,Launched,Q1'14,8,2.3,1.8,20.0,3.2069495620658413
Intel Xeon Processor E5-2650L,Discontinued,Q1'12,8,2.3,1.8,20.0,3.2069495620658413
Intel Xeon Processor E5-2450L,Discontinued,Q2'12,8,2.3,1.8,20.0,3.2069495620658413
Intel Core i5-4310U Processor,Launched,Q1'14,2,3.0,2.0,3.0,3.1941935971005737
Intel Core i5-6200U Processor,Launched,Q3'15,2,2.8,2.3,3.0,3.1937284808215036
Intel Core i7-740QM Processor,Discontinued,Q3'10,4,2.93,1.73,6.0,3.183573240712776
Intel Xeon Processor E5-2407 v2,Launched,Q1'14,4,2.4,2.4,10.0,3.176149199637571
Intel Xeon Processor E5520,Launched,Q1'09,4,2.53,2.26,8.0,3.1760588945937784
Intel Xeon Processor D-1520,Launched,Q1'15,4,2.6,2.2,6.0,3.1711778918755664
Intel Core i7-3517U Processor,Launched,Q2'12,2,3.0,1.9,4.0,3.16066898218061
Intel Xeon Processor D-1559,Launched,Q2'16,12,2.1,1.5,18.0,3.151440652370885
Intel Xeon Processor D-1557,Launched,Q1'16,12,2.1,1.5,18.0,3.151440652370885
Intel Xeon Processor E3-1230L v3,Launched,Q2'13,4,2.8,1.8,8.0,3.1511054062216854
Intel Core i5-1030G7 Processor,Announced,Q3'19,4,3.5,0.8,6.0,3.1500151011778916
Intel Core i5-450M Processor,Discontinued,Q2'10,2,2.66,2.4,3.0,3.1422401087284806
Intel Xeon Processor L5638,Launched,Q1'10,6,2.4,2.0,12.0,3.1410767139836904
Intel Xeon Processor L5520,Launched,Q1'09,4,2.48,2.26,8.0,3.141058894593778
Intel Xeon Processor E5-2420,Discontinued,Q2'12,6,2.4,1.9,15.0,3.133526125037753
Intel Xeon Processor E7540,Discontinued,Q1'10,6,2.27,2.0,18.0,3.1279987919057683
Intel Xeon Processor E6540,Discontinued,Q1'10,6,2.27,2.0,18.0,3.1279987919057683
Intel Xeon Processor D-1528,Launched,Q4'15,6,2.5,1.9,9.0,3.125604047115675
Intel Xeon Processor LC5528,Launched,Q1'10,4,2.53,2.13,8.0,3.1155937783147083
Intel Core i3-1005G1 Processor,Launched,Q3'19,2,3.4,1.2,4.0,3.1150875868317724
Intel Core i7-4500U Processor,Launched,Q3'13,2,3.0,1.8,4.0,3.114157354273633
Intel Core i5-1030G4 Processor,Announced,Q3'19,4,3.5,0.7,6.0,3.103503473270915
Intel Core i5-6442EQ Processor,Launched,Q4'15,4,2.7,1.9,6.0,3.1016430081546362
Intel Core i5-4460T Processor,Discontinued,Q2'14,4,2.7,1.9,6.0,3.1016430081546362
Intel Xeon Processor D-1523N,Launched,Q3'17,4,2.6,2.0,6.0,3.0781546360616128
Intel Core i5-4300U Processor,Launched,Q3'13,2,2.9,1.9,3.0,3.077681969193597
Intel Core i5-3437U Processor,Launched,Q1'13,2,2.9,1.9,3.0,3.077681969193597
Intel Core i5-5200U Processor,Launched,Q1'15,2,2.7,2.2,3.0,3.077216852914528
Intel Xeon Processor L5630,Discontinued,Q1'10,4,2.4,2.13,12.0,3.07654183026276
Intel Core m3-8100Y Processor,Launched,Q3'18,2,3.4,1.1,4.0,3.0685759589247956
Intel Core i7-620LE Processor,Launched,Q1'10,2,2.8,2.0,4.0,3.0671806100875862
Intel Core i7-620LM Processor,Discontinued,Q1'10,2,2.8,2.0,4.0,3.0671806100875862
Intel Xeon Processor E5-2648L,Launched,Q1'12,8,2.1,1.8,20.0,3.066949562065841
Intel Xeon Processor E5-2448L,Launched,Q2'12,8,2.1,1.8,20.0,3.066949562065841
Intel Xeon Processor D-1537,Launched,Q4'15,8,2.3,1.7,12.0,3.05654183026276
Intel Xeon Processor E5-4610 v4,Launched,Q2'16,10,1.8,1.8,25.0,3.0468846270009067
Intel Core i5-7Y57 Processor,Launched,Q1'17,2,3.3,1.2,4.0,3.045087586831773
Intel Core i5-6260U Processor,Launched,Q3'15,2,2.9,1.8,4.0,3.0441573542736333
Intel Core i7-2677M Processor,Launched,Q2'11,2,2.9,1.8,4.0,3.0441573542736333
Intel Core i7-720QM Processor,Discontinued,Q3'09,4,2.8,1.6,6.0,3.0321081244337056
Intel Core i5-4422E Processor,Launched,Q2'14,2,2.9,1.8,3.0,3.03117034128662
Intel Core i5-5350U Processor,Launched,Q1'15,2,2.9,1.8,3.0,3.03117034128662
Intel Xeon Processor L5518,Launched,Q1'09,4,2.4,2.13,8.0,3.024593778314708
Intel Xeon Processor 406,Discontinued,Q1'10,2,2.53,2.26,4.0,2.9991108426457265
Intel Core i7-4610Y Processor,Launched,Q3'13,2,2.9,1.7,4.0,2.997645726366657
Intel Core i5-430M Processor,Discontinued,Q1'10,2,2.53,2.26,3.0,2.9861238296587134
Intel Core i5-7Y54 Processor,Launched,Q3'16,2,3.2,1.2,4.0,2.9750875868317728
Intel Core i7-4550U Processor,Launched,Q3'13,2,3.0,1.5,4.0,2.974622470552703
Intel Core i5-4360U Processor,Launched,Q1'14,2,3.0,1.5,3.0,2.96163545756569
Intel Core i5-3427U Processor,Launched,Q2'12,2,2.8,1.8,3.0,2.9611703412866204
Intel Xeon Processor E5-4603 v2,Launched,Q1'14,4,2.2,2.2,10.0,2.9431259438236186
Intel Xeon Processor D-1539,Launched,Q2'16,8,2.2,1.6,12.0,2.940030202355784
Intel Xeon Processor E5-4610 v3,Launched,Q2'15,10,1.7,1.7,25.0,2.930372999093929
Intel Core i3-1000G4 Processor,Announced,Q3'19,2,3.2,1.1,4.0,2.928575958924796
Intel Core i3-1000G1 Processor,Announced,Q3'19,2,3.2,1.1,4.0,2.928575958924796
Intel Core i7-3517UE Processor,Launched,Q2'12,2,2.8,1.7,4.0,2.9276457263666567
Intel Core i7-2637M Processor,Launched,Q2'11,2,2.8,1.7,4.0,2.9276457263666567
Intel Core m7-6Y75 Processor,Launched,Q3'15,2,3.1,1.2,4.0,2.9050875868317725
Intel Xeon Processor E5-2618L v2,Launched,Q3'13,6,2.0,2.0,15.0,2.90003775294473
Intel Xeon Processor E5-2418L v2,Launched,Q1'14,6,2.0,2.0,15.0,2.90003775294473
Intel Xeon Processor E7530,Discontinued,Q1'10,6,2.13,1.87,12.0,2.891611597704621
Intel Xeon Processor D-1518,Launched,Q4'15,4,2.2,2.2,6.0,2.8911778918755666
Intel Core i5-3337U Processor,Launched,Q1'13,2,2.7,1.8,3.0,2.891170341286621
Intel Xeon Processor L5618,Launched,Q1'10,4,2.26,1.87,12.0,2.857611597704621
Intel Core i5-4350U Processor,Launched,Q3'13,2,2.9,1.4,3.0,2.8451238296587134
Intel Core i5-2557M Processor,Launched,Q2'11,2,2.7,1.7,3.0,2.8446587133796437
Intel Core i5-4210U Processor,Launched,Q2'14,2,2.7,1.7,3.0,2.8446587133796437
Intel Xeon Processor L5508,Launched,Q1'09,2,2.4,2.0,8.0,2.839128662035639
Intel Core i7-2657M Processor,Launched,Q1'11,2,2.7,1.6,4.0,2.81113409845968
Intel Xeon Processor E5-2428L,Launched,Q2'12,6,2.0,1.8,15.0,2.807014497130776
Intel Core i5-5250U Processor,Launched,Q1'15,2,2.7,1.6,3.0,2.798147085472667
Intel Core i5-4402E Processor,Launched,Q3'13,2,2.7,1.6,3.0,2.798147085472667
Intel Core m3-7Y32 Processor,Launched,Q2'17,2,3.0,1.1,4.0,2.7885759589247963
Intel Xeon Processor E5-2418L,Launched,Q2'12,4,2.1,2.0,10.0,2.7801026880096646
Intel Core i5-3317U Processor,Launched,Q2'12,2,2.6,1.7,3.0,2.7746587133796434
Intel Core M-5Y71 Processor,Launched,Q4'14,2,2.9,1.2,4.0,2.765087586831773
Intel Core i5-4200U Processor,Launched,Q3'13,2,2.6,1.6,3.0,2.728147085472667
Intel Core i5-4260U Processor,Launched,Q2'14,2,2.7,1.4,3.0,2.7051238296587137
Intel Xeon Bronze 3204 Processor,Launched,Q2'19,6,1.9,1.9,8.25,2.6958637873754157
Intel Core i7-3689Y Processor,Launched,Q1'13,2,2.6,1.5,4.0,2.6946224705527033
Intel Core i7-2617M Processor,Launched,Q1'11,2,2.6,1.5,4.0,2.6946224705527033
Intel Xeon Processor E5-2608L v4,Launched,Q1'16,8,1.7,1.6,20.0,2.6939263062518877
Intel Xeon Processor E7520,Discontinued,Q1'10,4,1.87,1.87,18.0,2.662533675626699
Intel Xeon Processor LC5518,Launched,Q1'10,4,2.13,1.73,8.0,2.6495472666868016
Intel Core m5-6Y57 Processor,Launched,Q3'15,2,2.8,1.1,4.0,2.6485759589247957
Intel Core i7-680UM Processor,Discontinued,Q3'10,2,2.53,1.46,4.0,2.6270178193899123
Intel Xeon Processor D-1513N,Launched,Q3'17,4,2.2,1.6,6.0,2.6121081244337057
Intel Core i5-4250U Processor,Launched,Q3'13,2,2.6,1.3,3.0,2.588612201751737
Intel Core m5-6Y54 Processor,Launched,Q3'15,2,2.7,1.1,4.0,2.5785759589247963
Intel Xeon Processor L5609,Discontinued,Q1'10,4,1.86,1.86,12.0,2.572960434913923
Intel Core i7-2610UE Processor,Launched,Q1'11,2,2.4,1.5,4.0,2.554622470552703
Intel Core i5-2467M Processor,Launched,Q2'11,2,2.3,1.6,3.0,2.5181470854726666
Intel Core i5-4302Y Processor,Launched,Q3'13,2,2.3,1.6,3.0,2.5181470854726666
Intel Core i5-4300Y Processor,Launched,Q3'13,2,2.3,1.6,3.0,2.5181470854726666
Intel Core M-5Y51 Processor,Launched,Q4'14,2,2.6,1.1,4.0,2.5085759589247965
Intel Core M-5Y70 Processor,Launched,Q3'14,2,2.6,1.1,4.0,2.5085759589247965
Intel Xeon Processor E5-2403 v2,Launched,Q1'14,4,1.8,1.8,10.0,2.477079432195711
Intel Core i7-660UM Processor,Discontinued,Q2'10,2,2.4,1.33,4.0,2.475552703110843
Intel Core i7-660UE Processor,Launched,Q1'10,2,2.4,1.33,4.0,2.475552703110843
Intel Core i5-3439Y Processor,Launched,Q1'13,2,2.3,1.5,3.0,2.4716354575656903
Intel Core m3-7Y30 Processor,Launched,Q3'16,2,2.6,1.0,4.0,2.4620643310178196
Intel Core i5-2537M Processor,Launched,Q1'11,2,2.3,1.4,3.0,2.4251238296587134
Intel Xeon Processor E6510,Discontinued,Q1'10,4,1.73,1.73,12.0,2.4214953186348533
Intel Core i7-640UM Processor,Discontinued,Q1'10,2,2.27,1.2,4.0,2.324087586831773
Intel Core i5-4220Y Processor,Launched,Q2'14,2,2.0,1.6,3.0,2.308147085472667
Intel Core i5-4202Y Processor,Launched,Q3'13,2,2.0,1.6,3.0,2.308147085472667
Intel Xeon Processor LC3528,Launched,Q1'10,2,1.87,1.73,4.0,2.2905992147387497
Intel Core M-5Y31 Processor,Launched,Q4'14,2,2.4,0.9,4.0,2.2755527031108427
Intel Core i5-560UM Processor,Discontinued,Q3'10,2,2.13,1.33,3.0,2.2735656901238297
Intel Core i5-3339Y Processor,Launched,Q1'13,2,2.0,1.5,3.0,2.26163545756569
Intel Core i5-4210Y Processor,Launched,Q3'13,2,1.9,1.5,3.0,2.19163545756569
Intel Core i7-620UM Processor,Discontinued,Q1'10,2,2.13,1.06,4.0,2.1609713077620056
Intel Core i7-620UE Processor,Launched,Q1'10,2,2.13,1.06,4.0,2.1609713077620056
Intel Core i5-4200Y Processor,Launched,Q3'13,2,1.9,1.4,3.0,2.145123829658713
Intel Core m3-6Y30 Processor,Launched,Q3'15,2,2.2,0.9,4.0,2.135552703110843
Intel Core i5-540UM Processor,Discontinued,Q2'10,2,2.0,1.2,3.0,2.12210057384476
Intel Core i5-470UM Processor,Discontinued,Q4'10,2,1.86,1.33,3.0,2.0845656901238296
Intel Core i5-520UM Processor,Discontinued,Q1'10,2,1.87,1.07,3.0,1.9706354575656904
Intel Core M-5Y10a Processor,Launched,Q3'14,2,2.0,0.8,4.0,1.9490410752038658
Intel Core M-5Y10c Processor,Launched,Q4'14,2,2.0,0.8,4.0,1.9490410752038658
Intel Core M-5Y10 Processor,Launched,Q3'14,2,2.0,0.8,4.0,1.9490410752038658
Intel Core i5-430UM Processor,Discontinued,Q2'10,2,1.73,1.2,3.0,1.9331005738447598
Intel Xeon Processor D-1529,Launched,Q2'16,4,1.3,1.3,6.0,1.8425732407127757
Intel Xeon Processor E3-1220L v3,Launched,Q3'13,2,1.5,1.1,4.0,1.7385759589247962
